timestamp,value,classification,date
1517463000,30,Fear,2/1/18
1517549400,15,Extreme Fear,2/2/18
1517635800,40,Fear,2/3/18
1517722200,24,Extreme Fear,2/4/18
1517808600,11,Extreme Fear,2/5/18
1517895000,8,Extreme Fear,2/6/18
1517981400,36,Fear,2/7/18
1518067800,30,Fear,2/8/18
1518154200,44,Fear,2/9/18
1518240600,54,Neutral,2/10/18
1518327000,31,Fear,2/11/18
1518413400,42,Fear,2/12/18
1518499800,35,Fear,2/13/18
1518586200,55,Greed,2/14/18
1518672600,71,Greed,2/15/18
1518759000,67,Greed,2/16/18
1518845400,74,Greed,2/17/18
1518931800,63,Greed,2/18/18
1519018200,67,Greed,2/19/18
1519104600,74,Greed,2/20/18
1519191000,54,Neutral,2/21/18
1519277400,44,Fear,2/22/18
1519363800,39,Fear,2/23/18
1519450200,31,Fear,2/24/18
1519536600,33,Fear,2/25/18
1519623000,37,Fear,2/26/18
1519709400,44,Fear,2/27/18
1519795800,41,Fear,2/28/18
1519882200,38,Fear,3/1/18
1519968600,47,Neutral,3/2/18
1520055000,56,Greed,3/3/18
1520141400,44,Fear,3/4/18
1520227800,55,Greed,3/5/18
1520314200,59,Greed,3/6/18
1520400600,37,Fear,3/7/18
1520487000,39,Fear,3/8/18
1520573400,37,Fear,3/9/18
1520659800,39,Fear,3/10/18
1520746200,40,Fear,3/11/18
1520832600,41,Fear,3/12/18
1520919000,41,Fear,3/13/18
1521005400,40,Fear,3/14/18
1521091800,32,Fear,3/15/18
1521178200,33,Fear,3/16/18
1521264600,31,Fear,3/17/18
1521351000,29,Fear,3/18/18
1521437400,29,Fear,3/19/18
1521523800,37,Fear,3/20/18
1521610200,36,Fear,3/21/18
1521696600,36,Fear,3/22/18
1521783000,28,Fear,3/23/18
1521869400,32,Fear,3/24/18
1521955800,30,Fear,3/25/18
1522042200,31,Fear,3/26/18
1522128600,24,Extreme Fear,3/27/18
1522215000,24,Extreme Fear,3/28/18
1522301400,18,Extreme Fear,3/29/18
1522387800,12,Extreme Fear,3/30/18
1522474200,16,Extreme Fear,3/31/18
1522560600,16,Extreme Fear,4/1/18
1522647000,11,Extreme Fear,4/2/18
1522733400,22,Extreme Fear,4/3/18
1522819800,22,Extreme Fear,4/4/18
1522906200,17,Extreme Fear,4/5/18
1522992600,19,Extreme Fear,4/6/18
1523079000,20,Extreme Fear,4/7/18
1523165400,17,Extreme Fear,4/8/18
1523251800,21,Extreme Fear,4/9/18
1523338200,18,Extreme Fear,4/10/18
1523424600,20,Extreme Fear,4/11/18
1523511000,18,Extreme Fear,4/12/18
1523597400,23,Extreme Fear,4/13/18
1523943000,26,Fear,4/17/18
1524029400,24,Extreme Fear,4/18/18
1524115800,25,Fear,4/19/18
1524202200,26,Fear,4/20/18
1524288600,32,Fear,4/21/18
1524375000,31,Fear,4/22/18
1524461400,28,Fear,4/23/18
1524547800,29,Fear,4/24/18
1524634200,64,Greed,4/25/18
1524720600,47,Neutral,4/26/18
1524807000,55,Greed,4/27/18
1524893400,54,Neutral,4/28/18
1524979800,61,Greed,4/29/18
1525066200,59,Greed,4/30/18
1525152600,56,Greed,5/1/18
1525239000,52,Neutral,5/2/18
1525325400,55,Greed,5/3/18
1525411800,56,Greed,5/4/18
1525498200,63,Greed,5/5/18
1525584600,67,Greed,5/6/18
1525671000,56,Greed,5/7/18
1525757400,62,Greed,5/8/18
1525843800,53,Neutral,5/9/18
1525930200,63,Greed,5/10/18
1526016600,41,Fear,5/11/18
1526103000,44,Fear,5/12/18
1526189400,40,Fear,5/13/18
1526275800,40,Fear,5/14/18
1526362200,40,Fear,5/15/18
1526448600,32,Fear,5/16/18
1526535000,31,Fear,5/17/18
1526621400,37,Fear,5/18/18
1526707800,31,Fear,5/19/18
1526794200,32,Fear,5/20/18
1526880600,41,Fear,5/21/18
1526967000,30,Fear,5/22/18
1527053400,26,Fear,5/23/18
1527139800,27,Fear,5/24/18
1527226200,25,Fear,5/25/18
1527312600,23,Extreme Fear,5/26/18
1527399000,19,Extreme Fear,5/27/18
1527485400,22,Extreme Fear,5/28/18
1527571800,16,Extreme Fear,5/29/18
1527658200,38,Fear,5/30/18
1527744600,25,Fear,5/31/18
1527831000,24,Extreme Fear,6/1/18
1527917400,27,Fear,6/2/18
1528003800,40,Fear,6/3/18
1528090200,41,Fear,6/4/18
1528176600,26,Fear,6/5/18
1528263000,42,Fear,6/6/18
1528349400,38,Fear,6/7/18
1528435800,40,Fear,6/8/18
1528522200,39,Fear,6/9/18
1528608600,24,Extreme Fear,6/10/18
1528695000,15,Extreme Fear,6/11/18
1528781400,19,Extreme Fear,6/12/18
1528867800,19,Extreme Fear,6/13/18
1528954200,17,Extreme Fear,6/14/18
1529040600,26,Fear,6/15/18
1529127000,22,Extreme Fear,6/16/18
1529213400,23,Extreme Fear,6/17/18
1529299800,27,Fear,6/18/18
1529386200,32,Fear,6/19/18
1529472600,34,Fear,6/20/18
1529559000,37,Fear,6/21/18
1529645400,28,Fear,6/22/18
1529731800,17,Extreme Fear,6/23/18
1529818200,15,Extreme Fear,6/24/18
1529904600,16,Extreme Fear,6/25/18
1529991000,21,Extreme Fear,6/26/18
1530077400,18,Extreme Fear,6/27/18
1530163800,20,Extreme Fear,6/28/18
1530250200,16,Extreme Fear,6/29/18
1530336600,22,Extreme Fear,6/30/18
1530423000,27,Fear,7/1/18
1530509400,27,Fear,7/2/18
1530595800,31,Fear,7/3/18
1530682200,33,Fear,7/4/18
1530768600,37,Fear,7/5/18
1530855000,34,Fear,7/6/18
1530941400,34,Fear,7/7/18
1531027800,38,Fear,7/8/18
1531114200,39,Fear,7/9/18
1531200600,37,Fear,7/10/18
1531287000,29,Fear,7/11/18
1531373400,33,Fear,7/12/18
1531459800,29,Fear,7/13/18
1531546200,29,Fear,7/14/18
1531632600,32,Fear,7/15/18
1531719000,36,Fear,7/16/18
1531805400,39,Fear,7/17/18
1531891800,42,Fear,7/18/18
1531978200,44,Fear,7/19/18
1532064600,47,Neutral,7/20/18
1532151000,43,Fear,7/21/18
1532237400,46,Neutral,7/22/18
1532323800,44,Fear,7/23/18
1532410200,49,Neutral,7/24/18
1532496600,54,Neutral,7/25/18
1532583000,53,Neutral,7/26/18
1532669400,47,Neutral,7/27/18
1532755800,54,Neutral,7/28/18
1532842200,54,Neutral,7/29/18
1532928600,53,Neutral,7/30/18
1533015000,48,Neutral,7/31/18
1533101400,39,Fear,8/1/18
1533187800,39,Fear,8/2/18
1533274200,36,Fear,8/3/18
1533360600,31,Fear,8/4/18
1533447000,23,Extreme Fear,8/5/18
1533533400,25,Fear,8/6/18
1533619800,25,Fear,8/7/18
1533706200,23,Extreme Fear,8/8/18
1533792600,19,Extreme Fear,8/9/18
1533879000,21,Extreme Fear,8/10/18
1533965400,18,Extreme Fear,8/11/18
1534051800,18,Extreme Fear,8/12/18
1534138200,21,Extreme Fear,8/13/18
1534224600,16,Extreme Fear,8/14/18
1534311000,18,Extreme Fear,8/15/18
1534397400,21,Extreme Fear,8/16/18
1534483800,19,Extreme Fear,8/17/18
1534570200,24,Extreme Fear,8/18/18
1534656600,27,Fear,8/19/18
1534743000,26,Fear,8/20/18
1534829400,19,Extreme Fear,8/21/18
1534915800,21,Extreme Fear,8/22/18
1535002200,18,Extreme Fear,8/23/18
1535088600,19,Extreme Fear,8/24/18
1535175000,22,Extreme Fear,8/25/18
1535261400,19,Extreme Fear,8/26/18
1535347800,18,Extreme Fear,8/27/18
1535434200,19,Extreme Fear,8/28/18
1535520600,19,Extreme Fear,8/29/18
1535607000,22,Extreme Fear,8/30/18
1535693400,17,Extreme Fear,8/31/18
1535779800,21,Extreme Fear,9/1/18
1535866200,18,Extreme Fear,9/2/18
1535952600,19,Extreme Fear,9/3/18
1536039000,26,Fear,9/4/18
1536125400,17,Extreme Fear,9/5/18
1536211800,14,Extreme Fear,9/6/18
1536298200,17,Extreme Fear,9/7/18
1536384600,18,Extreme Fear,9/8/18
1536471000,13,Extreme Fear,9/9/18
1536557400,15,Extreme Fear,9/10/18
1536643800,18,Extreme Fear,9/11/18
1536730200,14,Extreme Fear,9/12/18
1536816600,20,Extreme Fear,9/13/18
1536903000,23,Extreme Fear,9/14/18
1536989400,24,Extreme Fear,9/15/18
1537075800,28,Fear,9/16/18
1537162200,25,Fear,9/17/18
1537248600,21,Extreme Fear,9/18/18
1537335000,24,Extreme Fear,9/19/18
1537421400,24,Extreme Fear,9/20/18
1537507800,31,Fear,9/21/18
1537594200,35,Fear,9/22/18
1537680600,38,Fear,9/23/18
1537767000,43,Fear,9/24/18
1537853400,37,Fear,9/25/18
1537939800,37,Fear,9/26/18
1538026200,42,Fear,9/27/18
1538112600,42,Fear,9/28/18
1538199000,37,Fear,9/29/18
1538285400,34,Fear,9/30/18
1538371800,35,Fear,10/1/18
1538458200,33,Fear,10/2/18
1538544600,36,Fear,10/3/18
1538631000,29,Fear,10/4/18
1538717400,37,Fear,10/5/18
1538803800,34,Fear,10/6/18
1538890200,29,Fear,10/7/18
1538976600,26,Fear,10/8/18
1539063000,31,Fear,10/9/18
1539149400,28,Fear,10/10/18
1539235800,19,Extreme Fear,10/11/18
1539322200,13,Extreme Fear,10/12/18
1539408600,15,Extreme Fear,10/13/18
1539495000,18,Extreme Fear,10/14/18
1539581400,20,Extreme Fear,10/15/18
1539667800,24,Extreme Fear,10/16/18
1539754200,23,Extreme Fear,10/17/18
1539840600,26,Fear,10/18/18
1539927000,24,Extreme Fear,10/19/18
1540013400,21,Extreme Fear,10/20/18
1540099800,21,Extreme Fear,10/21/18
1540186200,27,Fear,10/22/18
1540272600,24,Extreme Fear,10/23/18
1540359000,23,Extreme Fear,10/24/18
1540445400,25,Fear,10/25/18
1540531800,29,Fear,10/26/18
1540618200,33,Fear,10/27/18
1540704600,35,Fear,10/28/18
1540791000,34,Fear,10/29/18
1540877400,31,Fear,10/30/18
1540963800,32,Fear,10/31/18
1541050200,29,Fear,11/1/18
1541136600,36,Fear,11/2/18
1541223000,36,Fear,11/3/18
1541309400,41,Fear,11/4/18
1541395800,42,Fear,11/5/18
1541482200,42,Fear,11/6/18
1541568600,48,Neutral,11/7/18
1541655000,51,Neutral,11/8/18
1541741400,47,Neutral,11/9/18
1541827800,52,Neutral,11/10/18
1541914200,54,Neutral,11/11/18
1542000600,52,Neutral,11/12/18
1542087000,56,Greed,11/13/18
1542173400,49,Neutral,11/14/18
1542259800,28,Fear,11/15/18
1542346200,23,Extreme Fear,11/16/18
1542432600,24,Extreme Fear,11/17/18
1542519000,26,Fear,11/18/18
1542605400,28,Fear,11/19/18
1542691800,21,Extreme Fear,11/20/18
1542778200,15,Extreme Fear,11/21/18
1542864600,14,Extreme Fear,11/22/18
1542951000,12,Extreme Fear,11/23/18
1543037400,15,Extreme Fear,11/24/18
1543123800,9,Extreme Fear,11/25/18
1543210200,17,Extreme Fear,11/26/18
1543296600,11,Extreme Fear,11/27/18
1543383000,14,Extreme Fear,11/28/18
1543469400,18,Extreme Fear,11/29/18
1543555800,19,Extreme Fear,11/30/18
1543642200,13,Extreme Fear,12/1/18
1543728600,15,Extreme Fear,12/2/18
1543815000,17,Extreme Fear,12/3/18
1543901400,12,Extreme Fear,12/4/18
1543987800,19,Extreme Fear,12/5/18
1544074200,13,Extreme Fear,12/6/18
1544160600,11,Extreme Fear,12/7/18
1544247000,11,Extreme Fear,12/8/18
1544333400,14,Extreme Fear,12/9/18
1544419800,19,Extreme Fear,12/10/18
1544506200,15,Extreme Fear,12/11/18
1544592600,14,Extreme Fear,12/12/18
1544679000,14,Extreme Fear,12/13/18
1544765400,10,Extreme Fear,12/14/18
1544851800,11,Extreme Fear,12/15/18
1544938200,13,Extreme Fear,12/16/18
1545024600,17,Extreme Fear,12/17/18
1545111000,23,Extreme Fear,12/18/18
1545197400,21,Extreme Fear,12/19/18
1545283800,27,Fear,12/20/18
1545370200,35,Fear,12/21/18
1545456600,28,Fear,12/22/18
1545543000,31,Fear,12/23/18
1545629400,25,Fear,12/24/18
1545715800,33,Fear,12/25/18
1545802200,26,Fear,12/26/18
1545888600,29,Fear,12/27/18
1545975000,21,Extreme Fear,12/28/18
1546061400,24,Extreme Fear,12/29/18
1546147800,23,Extreme Fear,12/30/18
1546234200,26,Fear,12/31/18
1546320600,24,Extreme Fear,1/1/19
1546407000,30,Fear,1/2/19
1546493400,33,Fear,1/3/19
1546579800,48,Neutral,1/4/19
1546666200,36,Fear,1/5/19
1546752600,31,Fear,1/6/19
1546839000,39,Fear,1/7/19
1546925400,39,Fear,1/8/19
1547011800,42,Fear,1/9/19
1547098200,37,Fear,1/10/19
1547184600,19,Extreme Fear,1/11/19
1547271000,22,Extreme Fear,1/12/19
1547357400,21,Extreme Fear,1/13/19
1547443800,16,Extreme Fear,1/14/19
1547530200,27,Fear,1/15/19
1547616600,24,Extreme Fear,1/16/19
1547703000,28,Fear,1/17/19
1547789400,29,Fear,1/18/19
1547875800,31,Fear,1/19/19
1547962200,35,Fear,1/20/19
1548048600,30,Fear,1/21/19
1548135000,27,Fear,1/22/19
1548221400,33,Fear,1/23/19
1548307800,37,Fear,1/24/19
1548394200,35,Fear,1/25/19
1548480600,41,Fear,1/26/19
1548567000,39,Fear,1/27/19
1548653400,35,Fear,1/28/19
1548739800,21,Extreme Fear,1/29/19
1548826200,22,Extreme Fear,1/30/19
1548912600,17,Extreme Fear,1/31/19
1548999000,23,Extreme Fear,2/1/19
1549085400,22,Extreme Fear,2/2/19
1549171800,19,Extreme Fear,2/3/19
1549258200,27,Fear,2/4/19
1549344600,21,Extreme Fear,2/5/19
1549431000,14,Extreme Fear,2/6/19
1549517400,18,Extreme Fear,2/7/19
1549603800,37,Fear,2/8/19
1549690200,42,Fear,2/9/19
1549776600,40,Fear,2/10/19
1549863000,46,Neutral,2/11/19
1549949400,38,Fear,2/12/19
1550035800,48,Neutral,2/13/19
1550122200,48,Neutral,2/14/19
1550208600,43,Fear,2/15/19
1550295000,43,Fear,2/16/19
1550381400,38,Fear,2/17/19
1550467800,63,Greed,2/18/19
1550554200,65,Greed,2/19/19
1550640600,59,Greed,2/20/19
1550727000,59,Greed,2/21/19
1550813400,61,Greed,2/22/19
1550899800,63,Greed,2/23/19
1550986200,69,Greed,2/24/19
1551072600,47,Neutral,2/25/19
1551159000,40,Fear,2/26/19
1551245400,39,Fear,2/27/19
1551331800,39,Fear,2/28/19
1551418200,42,Fear,3/1/19
1551504600,41,Fear,3/2/19
1551591000,44,Fear,3/3/19
1551677400,36,Fear,3/4/19
1551763800,35,Fear,3/5/19
1551850200,42,Fear,3/6/19
1551936600,56,Greed,3/7/19
1552023000,54,Neutral,3/8/19
1552109400,55,Greed,3/9/19
1552195800,55,Greed,3/10/19
1552282200,56,Greed,3/11/19
1552368600,56,Greed,3/12/19
1552455000,54,Neutral,3/13/19
1552541400,55,Greed,3/14/19
1552627800,55,Greed,3/15/19
1552714200,54,Neutral,3/16/19
1552800600,58,Greed,3/17/19
1552887000,56,Greed,3/18/19
1552973400,56,Greed,3/19/19
1553059800,55,Greed,3/20/19
1553146200,62,Greed,3/21/19
1553232600,56,Greed,3/22/19
1553319000,50,Neutral,3/23/19
1553405400,44,Fear,3/24/19
1553491800,46,Neutral,3/25/19
1553578200,43,Fear,3/26/19
1553664600,44,Fear,3/27/19
1553751000,49,Neutral,3/28/19
1553837400,50,Neutral,3/29/19
1553923800,57,Greed,3/30/19
1554010200,56,Greed,3/31/19
1554096600,62,Greed,4/1/19
1554183000,60,Greed,4/2/19
1554269400,71,Greed,4/3/19
1554355800,61,Greed,4/4/19
1554442200,59,Greed,4/5/19
1554528600,65,Greed,4/6/19
1554615000,69,Greed,4/7/19
1554701400,65,Greed,4/8/19
1554787800,64,Greed,4/9/19
1554874200,62,Greed,4/10/19
1554960600,65,Greed,4/11/19
1555047000,42,Fear,4/12/19
1555133400,62,Greed,4/13/19
1555219800,51,Neutral,4/14/19
1555306200,60,Greed,4/15/19
1555392600,50,Neutral,4/16/19
1555479000,61,Greed,4/17/19
1555565400,64,Greed,4/18/19
1555651800,61,Greed,4/19/19
1555738200,62,Greed,4/20/19
1555824600,62,Greed,4/21/19
1555911000,61,Greed,4/22/19
1555997400,68,Greed,4/23/19
1556083800,65,Greed,4/24/19
1556170200,58,Greed,4/25/19
1556256600,41,Fear,4/26/19
1556343000,42,Fear,4/27/19
1556429400,40,Fear,4/28/19
1556515800,42,Fear,4/29/19
1556602200,42,Fear,4/30/19
1556688600,51,Neutral,5/1/19
1556775000,50,Neutral,5/2/19
1556861400,63,Greed,5/3/19
1556947800,66,Greed,5/4/19
1557034200,67,Greed,5/5/19
1557120600,57,Greed,5/6/19
1557207000,69,Greed,5/7/19
1557293400,63,Greed,5/8/19
1557379800,69,Greed,5/9/19
1557466200,71,Greed,5/10/19
1557552600,76,Extreme Greed,5/11/19
1557639000,75,Extreme Greed,5/12/19
1557725400,78,Extreme Greed,5/13/19
1557811800,78,Extreme Greed,5/14/19
1557898200,77,Extreme Greed,5/15/19
1557984600,75,Extreme Greed,5/16/19
1558071000,65,Greed,5/17/19
1558157400,67,Greed,5/18/19
1558243800,70,Greed,5/19/19
1558330200,73,Greed,5/20/19
1558416600,68,Greed,5/21/19
1558503000,69,Greed,5/22/19
1558589400,65,Greed,5/23/19
1558675800,64,Greed,5/24/19
1558762200,69,Greed,5/25/19
1558848600,67,Greed,5/26/19
1558935000,70,Greed,5/27/19
1559021400,71,Greed,5/28/19
1559107800,71,Greed,5/29/19
1559194200,73,Greed,5/30/19
1559280600,61,Greed,5/31/19
1559367000,62,Greed,6/1/19
1559453400,63,Greed,6/2/19
1559539800,66,Greed,6/3/19
1559626200,42,Fear,6/4/19
1559712600,27,Fear,6/5/19
1559799000,34,Fear,6/6/19
1559885400,27,Fear,6/7/19
1559971800,62,Greed,6/8/19
1560058200,62,Greed,6/9/19
1560144600,46,Neutral,6/10/19
1560231000,61,Greed,6/11/19
1560317400,60,Greed,6/12/19
1560403800,63,Greed,6/13/19
1560490200,67,Greed,6/14/19
1560576600,75,Extreme Greed,6/15/19
1560663000,80,Extreme Greed,6/16/19
1560749400,84,Extreme Greed,6/17/19
1560835800,83,Extreme Greed,6/18/19
1560922200,82,Extreme Greed,6/19/19
1561008600,81,Extreme Greed,6/20/19
1561095000,84,Extreme Greed,6/21/19
1561181400,83,Extreme Greed,6/22/19
1561267800,84,Extreme Greed,6/23/19
1561354200,80,Extreme Greed,6/24/19
1561440600,87,Extreme Greed,6/25/19
1561527000,95,Extreme Greed,6/26/19
1561613400,92,Extreme Greed,6/27/19
1561699800,62,Greed,6/28/19
1561786200,74,Greed,6/29/19
1561872600,78,Extreme Greed,6/30/19
1561959000,65,Greed,7/1/19
1562045400,63,Greed,7/2/19
1562131800,79,Extreme Greed,7/3/19
1562218200,76,Extreme Greed,7/4/19
1562304600,67,Greed,7/5/19
1562391000,72,Greed,7/6/19
1562477400,67,Greed,7/7/19
1562563800,74,Greed,7/8/19
1562650200,84,Extreme Greed,7/9/19
1562736600,83,Extreme Greed,7/10/19
1562823000,62,Greed,7/11/19
1562909400,33,Fear,7/12/19
1562995800,65,Greed,7/13/19
1563082200,61,Greed,7/14/19
1563168600,16,Extreme Fear,7/15/19
1563255000,34,Fear,7/16/19
1563341400,19,Extreme Fear,7/17/19
1563427800,40,Fear,7/18/19
1563514200,42,Fear,7/19/19
1563600600,34,Fear,7/20/19
1563687000,42,Fear,7/21/19
1563773400,42,Fear,7/22/19
1563859800,40,Fear,7/23/19
1563946200,20,Extreme Fear,7/24/19
1564032600,42,Fear,7/25/19
1564119000,24,Extreme Fear,7/26/19
1564205400,47,Neutral,7/27/19
1564291800,16,Extreme Fear,7/28/19
1564378200,19,Extreme Fear,7/29/19
1564464600,22,Extreme Fear,7/30/19
1564551000,31,Fear,7/31/19
1564637400,57,Greed,8/1/19
1564723800,61,Greed,8/2/19
1564810200,61,Greed,8/3/19
1564896600,62,Greed,8/4/19
1564983000,64,Greed,8/5/19
1565069400,66,Greed,8/6/19
1565155800,45,Neutral,8/7/19
1565242200,61,Greed,8/8/19
1565328600,60,Greed,8/9/19
1565415000,59,Greed,8/10/19
1565501400,45,Neutral,8/11/19
1565587800,48,Neutral,8/12/19
1565674200,45,Neutral,8/13/19
1565760600,11,Extreme Fear,8/14/19
1565847000,13,Extreme Fear,8/15/19
1565933400,31,Fear,8/16/19
1566019800,20,Extreme Fear,8/17/19
1566106200,14,Extreme Fear,8/18/19
1566192600,30,Fear,8/19/19
1566279000,39,Fear,8/20/19
1566365400,11,Extreme Fear,8/21/19
1566451800,5,Extreme Fear,8/22/19
1566538200,33,Fear,8/23/19
1566624600,39,Fear,8/24/19
1566711000,33,Fear,8/25/19
1566797400,41,Fear,8/26/19
1566883800,30,Fear,8/27/19
1566970200,32,Fear,8/28/19
1567056600,20,Extreme Fear,8/29/19
1567143000,24,Extreme Fear,8/30/19
1567229400,20,Extreme Fear,8/31/19
1567315800,24,Extreme Fear,9/1/19
1567402200,28,Fear,9/2/19
1567488600,41,Fear,9/3/19
1567575000,43,Fear,9/4/19
1567661400,41,Fear,9/5/19
1567747800,43,Fear,9/6/19
1567834200,39,Fear,9/7/19
1567920600,43,Fear,9/8/19
1568007000,41,Fear,9/9/19
1568093400,41,Fear,9/10/19
1568179800,38,Fear,9/11/19
1568266200,39,Fear,9/12/19
1568352600,38,Fear,9/13/19
1568439000,39,Fear,9/14/19
1568525400,38,Fear,9/15/19
1568611800,38,Fear,9/16/19
1568698200,41,Fear,9/17/19
1568784600,38,Fear,9/18/19
1568871000,31,Fear,9/19/19
1568957400,41,Fear,9/20/19
1569043800,37,Fear,9/21/19
1569130200,37,Fear,9/22/19
1569216600,41,Fear,9/23/19
1569303000,39,Fear,9/24/19
1569389400,15,Extreme Fear,9/25/19
1569475800,12,Extreme Fear,9/26/19
1569562200,24,Extreme Fear,9/27/19
1569648600,32,Fear,9/28/19
1569735000,33,Fear,9/29/19
1569821400,27,Fear,9/30/19
1569907800,38,Fear,10/1/19
1569994200,39,Fear,10/2/19
1570080600,37,Fear,10/3/19
1570167000,30,Fear,10/4/19
1570253400,31,Fear,10/5/19
1570339800,32,Fear,10/6/19
1570426200,27,Fear,10/7/19
1570512600,39,Fear,10/8/19
1570599000,37,Fear,10/9/19
1570685400,41,Fear,10/10/19
1570771800,39,Fear,10/11/19
1570858200,38,Fear,10/12/19
1570944600,38,Fear,10/13/19
1571031000,37,Fear,10/14/19
1571117400,39,Fear,10/15/19
1571203800,40,Fear,10/16/19
1571290200,40,Fear,10/17/19
1571376600,40,Fear,10/18/19
1571463000,41,Fear,10/19/19
1571549400,37,Fear,10/20/19
1571635800,37,Fear,10/21/19
1571722200,39,Fear,10/22/19
1571808600,33,Fear,10/23/19
1571895000,20,Extreme Fear,10/24/19
1571981400,24,Extreme Fear,10/25/19
1572067800,53,Neutral,10/26/19
1572154200,50,Neutral,10/27/19
1572240600,52,Neutral,10/28/19
1572327000,54,Neutral,10/29/19
1572413400,53,Neutral,10/30/19
1572499800,50,Neutral,10/31/19
1572586200,49,Neutral,11/1/19
1572672600,51,Neutral,11/2/19
1572759000,56,Greed,11/3/19
1572845400,49,Neutral,11/4/19
1572931800,54,Neutral,11/5/19
1573018200,53,Neutral,11/6/19
1573104600,54,Neutral,11/7/19
1573191000,42,Fear,11/8/19
1573277400,38,Fear,11/9/19
1573363800,39,Fear,11/10/19
1573450200,40,Fear,11/11/19
1573536600,39,Fear,11/12/19
1573623000,38,Fear,11/13/19
1573709400,41,Fear,11/14/19
1573795800,38,Fear,11/15/19
1573882200,41,Fear,11/16/19
1573968600,38,Fear,11/17/19
1574055000,38,Fear,11/18/19
1574141400,32,Fear,11/19/19
1574227800,32,Fear,11/20/19
1574314200,30,Fear,11/21/19
1574400600,20,Extreme Fear,11/22/19
1574487000,23,Extreme Fear,11/23/19
1574573400,21,Extreme Fear,11/24/19
1574659800,17,Extreme Fear,11/25/19
1574746200,21,Extreme Fear,11/26/19
1574832600,20,Extreme Fear,11/27/19
1574919000,32,Fear,11/28/19
1575005400,31,Fear,11/29/19
1575091800,38,Fear,11/30/19
1575178200,25,Fear,12/1/19
1575264600,28,Fear,12/2/19
1575351000,28,Fear,12/3/19
1575437400,24,Extreme Fear,12/4/19
1575523800,21,Extreme Fear,12/5/19
1575610200,29,Fear,12/6/19
1575696600,32,Fear,12/7/19
1575783000,28,Fear,12/8/19
1575869400,32,Fear,12/9/19
1575955800,26,Fear,12/10/19
1576042200,20,Extreme Fear,12/11/19
1576128600,23,Extreme Fear,12/12/19
1576215000,22,Extreme Fear,12/13/19
1576301400,27,Fear,12/14/19
1576387800,21,Extreme Fear,12/15/19
1576474200,24,Extreme Fear,12/16/19
1576560600,23,Extreme Fear,12/17/19
1576647000,15,Extreme Fear,12/18/19
1576733400,21,Extreme Fear,12/19/19
1576819800,23,Extreme Fear,12/20/19
1576906200,23,Extreme Fear,12/21/19
1576992600,20,Extreme Fear,12/22/19
1577079000,33,Fear,12/23/19
1577165400,25,Fear,12/24/19
1577251800,22,Extreme Fear,12/25/19
1577338200,39,Fear,12/26/19
1577424600,38,Fear,12/27/19
1577511000,37,Fear,12/28/19
1577597400,37,Fear,12/29/19
1577683800,40,Fear,12/30/19
1577770200,38,Fear,12/31/19
1577856600,37,Fear,1/1/20
1577943000,39,Fear,1/2/20
1578029400,38,Fear,1/3/20
1578115800,38,Fear,1/4/20
1578202200,39,Fear,1/5/20
1578288600,41,Fear,1/6/20
1578375000,40,Fear,1/7/20
1578461400,51,Neutral,1/8/20
1578547800,44,Fear,1/9/20
1578634200,41,Fear,1/10/20
1578720600,50,Neutral,1/11/20
1578807000,45,Neutral,1/12/20
1578893400,49,Neutral,1/13/20
1578979800,56,Greed,1/14/20
1579066200,54,Neutral,1/15/20
1579152600,55,Greed,1/16/20
1579239000,54,Neutral,1/17/20
1579325400,51,Neutral,1/18/20
1579411800,53,Neutral,1/19/20
1579498200,48,Neutral,1/20/20
1579584600,49,Neutral,1/21/20
1579671000,52,Neutral,1/22/20
1579757400,49,Neutral,1/23/20
1579843800,40,Fear,1/24/20
1579930200,41,Fear,1/25/20
1580016600,42,Fear,1/26/20
1580103000,50,Neutral,1/27/20
1580189400,54,Neutral,1/28/20
1580275800,57,Greed,1/29/20
1580362200,57,Greed,1/30/20
1580448600,55,Greed,1/31/20
1580535000,57,Greed,2/1/20
1580621400,57,Greed,2/2/20
1580707800,59,Greed,2/3/20
1580794200,56,Greed,2/4/20
1580880600,53,Neutral,2/5/20
1580967000,61,Greed,2/6/20
1581053400,56,Greed,2/7/20
1581139800,56,Greed,2/8/20
1581226200,56,Greed,2/9/20
1581312600,57,Greed,2/10/20
1581399000,52,Neutral,2/11/20
1581485400,61,Greed,2/12/20
1581571800,65,Greed,2/13/20
1581658200,63,Greed,2/14/20
1581744600,64,Greed,2/15/20
1581831000,59,Greed,2/16/20
1581917400,49,Neutral,2/17/20
1582003800,53,Neutral,2/18/20
1582090200,50,Neutral,2/19/20
1582176600,44,Fear,2/20/20
1582263000,44,Fear,2/21/20
1582349400,43,Fear,2/22/20
1582435800,46,Neutral,2/23/20
1582522200,46,Neutral,2/24/20
1582608600,44,Fear,2/25/20
1582695000,41,Fear,2/26/20
1582781400,39,Fear,2/27/20
1582867800,40,Fear,2/28/20
1582954200,38,Fear,2/29/20
1583040600,39,Fear,3/1/20
1583127000,38,Fear,3/2/20
1583213400,38,Fear,3/3/20
1583299800,40,Fear,3/4/20
1583386200,41,Fear,3/5/20
1583472600,39,Fear,3/6/20
1583559000,38,Fear,3/7/20
1583645400,33,Fear,3/8/20
1583731800,17,Extreme Fear,3/9/20
1583818200,16,Extreme Fear,3/10/20
1583904600,17,Extreme Fear,3/11/20
1583991000,14,Extreme Fear,3/12/20
1584077400,10,Extreme Fear,3/13/20
1584163800,8,Extreme Fear,3/14/20
1584250200,12,Extreme Fear,3/15/20
1584336600,9,Extreme Fear,3/16/20
1584423000,8,Extreme Fear,3/17/20
1584509400,11,Extreme Fear,3/18/20
1584595800,12,Extreme Fear,3/19/20
1584682200,9,Extreme Fear,3/20/20
1584768600,9,Extreme Fear,3/21/20
1584855000,11,Extreme Fear,3/22/20
1584941400,10,Extreme Fear,3/23/20
1585027800,12,Extreme Fear,3/24/20
1585114200,13,Extreme Fear,3/25/20
1585200600,14,Extreme Fear,3/26/20
1585287000,12,Extreme Fear,3/27/20
1585373400,8,Extreme Fear,3/28/20
1585459800,12,Extreme Fear,3/29/20
1585546200,10,Extreme Fear,3/30/20
1585632600,12,Extreme Fear,3/31/20
1585719000,12,Extreme Fear,4/1/20
1585805400,14,Extreme Fear,4/2/20
1585891800,14,Extreme Fear,4/3/20
1585978200,12,Extreme Fear,4/4/20
1586064600,12,Extreme Fear,4/5/20
1586151000,12,Extreme Fear,4/6/20
1586237400,20,Extreme Fear,4/7/20
1586323800,21,Extreme Fear,4/8/20
1586410200,22,Extreme Fear,4/9/20
1586496600,15,Extreme Fear,4/10/20
1586583000,15,Extreme Fear,4/11/20
1586669400,10,Extreme Fear,4/12/20
1586755800,11,Extreme Fear,4/13/20
1586842200,15,Extreme Fear,4/14/20
1586928600,18,Extreme Fear,4/15/20
1587015000,13,Extreme Fear,4/16/20
1587101400,15,Extreme Fear,4/17/20
1587187800,18,Extreme Fear,4/18/20
1587274200,16,Extreme Fear,4/19/20
1587360600,15,Extreme Fear,4/20/20
1587447000,17,Extreme Fear,4/21/20
1587533400,19,Extreme Fear,4/22/20
1587619800,19,Extreme Fear,4/23/20
1587706200,20,Extreme Fear,4/24/20
1587792600,24,Extreme Fear,4/25/20
1587879000,21,Extreme Fear,4/26/20
1587965400,28,Fear,4/27/20
1588051800,26,Fear,4/28/20
1588138200,26,Fear,4/29/20
1588224600,44,Fear,4/30/20
1588311000,40,Fear,5/1/20
1588397400,40,Fear,5/2/20
1588483800,45,Neutral,5/3/20
1588570200,44,Fear,5/4/20
1588656600,40,Fear,5/5/20
1588743000,42,Fear,5/6/20
1588829400,49,Neutral,5/7/20
1588915800,55,Greed,5/8/20
1589002200,56,Greed,5/9/20
1589088600,48,Neutral,5/10/20
1589175000,40,Fear,5/11/20
1589261400,39,Fear,5/12/20
1589347800,41,Fear,5/13/20
1589434200,40,Fear,5/14/20
1589520600,44,Fear,5/15/20
1589607000,41,Fear,5/16/20
1589693400,40,Fear,5/17/20
1589779800,50,Neutral,5/18/20
1589866200,50,Neutral,5/19/20
1589952600,52,Neutral,5/20/20
1590039000,49,Neutral,5/21/20
1590125400,42,Fear,5/22/20
1590211800,40,Fear,5/23/20
1590298200,43,Fear,5/24/20
1590384600,41,Fear,5/25/20
1590471000,39,Fear,5/26/20
1590557400,39,Fear,5/27/20
1590643800,41,Fear,5/28/20
1590730200,48,Neutral,5/29/20
1590816600,48,Neutral,5/30/20
1590903000,51,Neutral,5/31/20
1590989400,50,Neutral,6/1/20
1591075800,56,Greed,6/2/20
1591162200,48,Neutral,6/3/20
1591248600,54,Neutral,6/4/20
1591335000,53,Neutral,6/5/20
1591421400,54,Neutral,6/6/20
1591507800,54,Neutral,6/7/20
1591594200,53,Neutral,6/8/20
1591680600,52,Neutral,6/9/20
1591767000,54,Neutral,6/10/20
1591853400,52,Neutral,6/11/20
1591939800,38,Fear,6/12/20
1592026200,38,Fear,6/13/20
1592112600,40,Fear,6/14/20
1592199000,37,Fear,6/15/20
1592285400,39,Fear,6/16/20
1592371800,38,Fear,6/17/20
1592458200,40,Fear,6/18/20
1592544600,39,Fear,6/19/20
1592631000,38,Fear,6/20/20
1592717400,37,Fear,6/21/20
1592803800,38,Fear,6/22/20
1592890200,41,Fear,6/23/20
1592976600,50,Neutral,6/24/20
1593063000,43,Fear,6/25/20
1593149400,40,Fear,6/26/20
1593235800,43,Fear,6/27/20
1593322200,40,Fear,6/28/20
1593408600,41,Fear,6/29/20
1593495000,44,Fear,6/30/20
1593581400,42,Fear,7/1/20
1593667800,42,Fear,7/2/20
1593754200,41,Fear,7/3/20
1593840600,40,Fear,7/4/20
1593927000,38,Fear,7/5/20
1594013400,40,Fear,7/6/20
1594099800,43,Fear,7/7/20
1594186200,44,Fear,7/8/20
1594272600,44,Fear,7/9/20
1594359000,41,Fear,7/10/20
1594445400,44,Fear,7/11/20
1594531800,41,Fear,7/12/20
1594618200,43,Fear,7/13/20
1594704600,43,Fear,7/14/20
1594791000,44,Fear,7/15/20
1594877400,43,Fear,7/16/20
1594963800,41,Fear,7/17/20
1595050200,44,Fear,7/18/20
1595136600,41,Fear,7/19/20
1595223000,44,Fear,7/20/20
1595309400,44,Fear,7/21/20
1595395800,50,Neutral,7/22/20
1595482200,55,Greed,7/23/20
1595568600,53,Neutral,7/24/20
1595655000,55,Greed,7/25/20
1595741400,55,Greed,7/26/20
1595827800,58,Greed,7/27/20
1595914200,76,Extreme Greed,7/28/20
1596000600,71,Greed,7/29/20
1596087000,76,Extreme Greed,7/30/20
1596173400,75,Extreme Greed,7/31/20
1596259800,75,Extreme Greed,8/1/20
1596346200,80,Extreme Greed,8/2/20
1596432600,75,Extreme Greed,8/3/20
1596519000,72,Greed,8/4/20
1596605400,75,Extreme Greed,8/5/20
1596691800,79,Extreme Greed,8/6/20
1596778200,77,Extreme Greed,8/7/20
1596864600,77,Extreme Greed,8/8/20
1596951000,79,Extreme Greed,8/9/20
1597037400,78,Extreme Greed,8/10/20
1597123800,84,Extreme Greed,8/11/20
1597210200,75,Extreme Greed,8/12/20
1597296600,75,Extreme Greed,8/13/20
1597383000,78,Extreme Greed,8/14/20
1597469400,79,Extreme Greed,8/15/20
1597555800,82,Extreme Greed,8/16/20
1597642200,83,Extreme Greed,8/17/20
1597728600,82,Extreme Greed,8/18/20
1597815000,80,Extreme Greed,8/19/20
1597901400,75,Extreme Greed,8/20/20
1597987800,81,Extreme Greed,8/21/20
1598074200,78,Extreme Greed,8/22/20
1598160600,76,Extreme Greed,8/23/20
1598247000,78,Extreme Greed,8/24/20
1598333400,75,Extreme Greed,8/25/20
1598419800,76,Extreme Greed,8/26/20
1598506200,75,Extreme Greed,8/27/20
1598592600,74,Greed,8/28/20
1598679000,79,Extreme Greed,8/29/20
1598765400,75,Extreme Greed,8/30/20
1598851800,75,Extreme Greed,8/31/20
1598938200,75,Extreme Greed,9/1/20
1599024600,83,Extreme Greed,9/2/20
1599111000,79,Extreme Greed,9/3/20
1599197400,40,Fear,9/4/20
1599283800,41,Fear,9/5/20
1599370200,41,Fear,9/6/20
1599456600,41,Fear,9/7/20
1599543000,41,Fear,9/8/20
1599629400,38,Fear,9/9/20
1599715800,38,Fear,9/10/20
1599802200,41,Fear,9/11/20
1599888600,41,Fear,9/12/20
1599975000,38,Fear,9/13/20
1600061400,39,Fear,9/14/20
1600147800,47,Neutral,9/15/20
1600234200,43,Fear,9/16/20
1600320600,48,Neutral,9/17/20
1600407000,49,Neutral,9/18/20
1600493400,48,Neutral,9/19/20
1600579800,52,Neutral,9/20/20
1600666200,48,Neutral,9/21/20
1600752600,39,Fear,9/22/20
1600839000,43,Fear,9/23/20
1600925400,39,Fear,9/24/20
1601011800,46,Neutral,9/25/20
1601098200,45,Neutral,9/26/20
1601184600,47,Neutral,9/27/20
1601271000,43,Fear,9/28/20
1601357400,45,Neutral,9/29/20
1601443800,49,Neutral,9/30/20
1601530200,45,Neutral,10/1/20
1601616600,41,Fear,10/2/20
1601703000,40,Fear,10/3/20
1601789400,42,Fear,10/4/20
1601875800,42,Fear,10/5/20
1601962200,47,Neutral,10/6/20
1602048600,43,Fear,10/7/20
1602135000,46,Neutral,10/8/20
1602221400,48,Neutral,10/9/20
1602307800,53,Neutral,10/10/20
1602394200,55,Greed,10/11/20
1602480600,52,Neutral,10/12/20
1602567000,56,Greed,10/13/20
1602653400,53,Neutral,10/14/20
1602739800,56,Greed,10/15/20
1602826200,52,Neutral,10/16/20
1602912600,56,Greed,10/17/20
1602999000,55,Greed,10/18/20
1603085400,55,Greed,10/19/20
1603171800,56,Greed,10/20/20
1603258200,61,Greed,10/21/20
1603344600,73,Greed,10/22/20
1603431000,74,Greed,10/23/20
1603517400,73,Greed,10/24/20
1603603800,76,Extreme Greed,10/25/20
1603690200,75,Extreme Greed,10/26/20
1603776600,61,Greed,10/27/20
1603863000,70,Greed,10/28/20
1603949400,67,Greed,10/29/20
1604035800,74,Greed,10/30/20
1604122200,73,Greed,10/31/20
1604208600,72,Greed,11/1/20
1604295000,71,Greed,11/2/20
1604381400,71,Greed,11/3/20
1604467800,74,Greed,11/4/20
1604554200,72,Greed,11/5/20
1604640600,90,Extreme Greed,11/6/20
1604727000,88,Extreme Greed,11/7/20
1604813400,82,Extreme Greed,11/8/20
1604899800,90,Extreme Greed,11/9/20
1604986200,90,Extreme Greed,11/10/20
1605072600,86,Extreme Greed,11/11/20
1605159000,87,Extreme Greed,11/12/20
1605245400,89,Extreme Greed,11/13/20
1605331800,90,Extreme Greed,11/14/20
1605418200,86,Extreme Greed,11/15/20
1605504600,90,Extreme Greed,11/16/20
1605591000,86,Extreme Greed,11/17/20
1605677400,91,Extreme Greed,11/18/20
1605763800,94,Extreme Greed,11/19/20
1605850200,86,Extreme Greed,11/20/20
1605936600,91,Extreme Greed,11/21/20
1606023000,94,Extreme Greed,11/22/20
1606109400,90,Extreme Greed,11/23/20
1606195800,88,Extreme Greed,11/24/20
1606282200,94,Extreme Greed,11/25/20
1606368600,93,Extreme Greed,11/26/20
1606455000,86,Extreme Greed,11/27/20
1606541400,87,Extreme Greed,11/28/20
1606627800,89,Extreme Greed,11/29/20
1606714200,88,Extreme Greed,11/30/20
1606800600,95,Extreme Greed,12/1/20
1606887000,92,Extreme Greed,12/2/20
1606973400,92,Extreme Greed,12/3/20
1607059800,92,Extreme Greed,12/4/20
1607146200,93,Extreme Greed,12/5/20
1607232600,95,Extreme Greed,12/6/20
1607319000,94,Extreme Greed,12/7/20
1607405400,95,Extreme Greed,12/8/20
1607491800,86,Extreme Greed,12/9/20
1607578200,94,Extreme Greed,12/10/20
1607664600,89,Extreme Greed,12/11/20
1607751000,90,Extreme Greed,12/12/20
1607837400,91,Extreme Greed,12/13/20
1607923800,95,Extreme Greed,12/14/20
1608010200,91,Extreme Greed,12/15/20
1608096600,92,Extreme Greed,12/16/20
1608183000,92,Extreme Greed,12/17/20
1608269400,95,Extreme Greed,12/18/20
1608355800,93,Extreme Greed,12/19/20
1608442200,92,Extreme Greed,12/20/20
1608528600,92,Extreme Greed,12/21/20
1608615000,88,Extreme Greed,12/22/20
1608701400,93,Extreme Greed,12/23/20
1608787800,86,Extreme Greed,12/24/20
1608874200,94,Extreme Greed,12/25/20
1608960600,93,Extreme Greed,12/26/20
1609047000,91,Extreme Greed,12/27/20
1609133400,92,Extreme Greed,12/28/20
1609219800,91,Extreme Greed,12/29/20
1609306200,91,Extreme Greed,12/30/20
1609392600,95,Extreme Greed,12/31/20
1609479000,94,Extreme Greed,1/1/21
1609565400,94,Extreme Greed,1/2/21
1609651800,93,Extreme Greed,1/3/21
1609738200,94,Extreme Greed,1/4/21
1609824600,93,Extreme Greed,1/5/21
1609911000,95,Extreme Greed,1/6/21
1609997400,91,Extreme Greed,1/7/21
1610083800,93,Extreme Greed,1/8/21
1610170200,93,Extreme Greed,1/9/21
1610256600,94,Extreme Greed,1/10/21
1610343000,90,Extreme Greed,1/11/21
1610429400,84,Extreme Greed,1/12/21
1610515800,78,Extreme Greed,1/13/21
1610602200,83,Extreme Greed,1/14/21
1610688600,88,Extreme Greed,1/15/21
1610775000,84,Extreme Greed,1/16/21
1610861400,79,Extreme Greed,1/17/21
1610947800,79,Extreme Greed,1/18/21
1611034200,80,Extreme Greed,1/19/21
1611120600,78,Extreme Greed,1/20/21
1611207000,75,Extreme Greed,1/21/21
1611293400,40,Fear,1/22/21
1611379800,74,Greed,1/23/21
1611466200,70,Greed,1/24/21
1611552600,74,Greed,1/25/21
1611639000,71,Greed,1/26/21
1611725400,78,Extreme Greed,1/27/21
1611811800,55,Greed,1/28/21
1611898200,77,Extreme Greed,1/29/21
1611984600,76,Extreme Greed,1/30/21
1612071000,78,Extreme Greed,1/31/21
1612157400,77,Extreme Greed,2/1/21
1612243800,76,Extreme Greed,2/2/21
1612330200,78,Extreme Greed,2/3/21
1612416600,80,Extreme Greed,2/4/21
1612503000,81,Extreme Greed,2/5/21
1612589400,84,Extreme Greed,2/6/21
1612675800,86,Extreme Greed,2/7/21
1612762200,83,Extreme Greed,2/8/21
1612848600,95,Extreme Greed,2/9/21
1612935000,92,Extreme Greed,2/10/21
1613021400,93,Extreme Greed,2/11/21
1613107800,92,Extreme Greed,2/12/21
1613194200,92,Extreme Greed,2/13/21
1613280600,95,Extreme Greed,2/14/21
1613367000,93,Extreme Greed,2/15/21
1613453400,95,Extreme Greed,2/16/21
1613539800,95,Extreme Greed,2/17/21
1613626200,91,Extreme Greed,2/18/21
1613712600,93,Extreme Greed,2/19/21
1613799000,91,Extreme Greed,2/20/21
1613885400,91,Extreme Greed,2/21/21
1613971800,94,Extreme Greed,2/22/21
1614058200,94,Extreme Greed,2/23/21
1614144600,76,Extreme Greed,2/24/21
1614231000,79,Extreme Greed,2/25/21
1614317400,55,Greed,2/26/21
1614403800,56,Greed,2/27/21
1614490200,55,Greed,2/28/21
1614576600,38,Fear,3/1/21
1614663000,78,Extreme Greed,3/2/21
1614749400,78,Extreme Greed,3/3/21
1614835800,84,Extreme Greed,3/4/21
1614922200,77,Extreme Greed,3/5/21
1615008600,77,Extreme Greed,3/6/21
1615095000,76,Extreme Greed,3/7/21
1615181400,81,Extreme Greed,3/8/21
1615267800,81,Extreme Greed,3/9/21
1615354200,68,Greed,3/10/21
1615440600,73,Greed,3/11/21
1615527000,70,Greed,3/12/21
1615613400,74,Greed,3/13/21
1615699800,78,Extreme Greed,3/14/21
1615786200,76,Extreme Greed,3/15/21
1615872600,71,Greed,3/16/21
1615959000,71,Greed,3/17/21
1616045400,72,Greed,3/18/21
1616131800,71,Greed,3/19/21
1616218200,75,Extreme Greed,3/20/21
1616304600,73,Greed,3/21/21
1616391000,70,Greed,3/22/21
1616477400,66,Greed,3/23/21
1616563800,65,Greed,3/24/21
1616650200,60,Greed,3/25/21
1616736600,54,Neutral,3/26/21
1616823000,65,Greed,3/27/21
1616909400,74,Greed,3/28/21
1616995800,72,Greed,3/29/21
1617082200,72,Greed,3/30/21
1617168600,76,Extreme Greed,3/31/21
1617255000,74,Greed,4/1/21
1617341400,74,Greed,4/2/21
1617427800,73,Greed,4/3/21
1617514200,74,Greed,4/4/21
1617600600,71,Greed,4/5/21
1617687000,75,Extreme Greed,4/6/21
1617773400,72,Greed,4/7/21
1617859800,73,Greed,4/8/21
1617946200,70,Greed,4/9/21
1618032600,70,Greed,4/10/21
1618119000,76,Extreme Greed,4/11/21
1618205400,74,Greed,4/12/21
1618291800,74,Greed,4/13/21
1618378200,75,Extreme Greed,4/14/21
1618464600,79,Extreme Greed,4/15/21
1618551000,78,Extreme Greed,4/16/21
1618637400,76,Extreme Greed,4/17/21
1618723800,79,Extreme Greed,4/18/21
1618810200,74,Greed,4/19/21
1618896600,73,Greed,4/20/21
1618983000,73,Greed,4/21/21
1619069400,65,Greed,4/22/21
1619155800,55,Greed,4/23/21
1619242200,37,Fear,4/24/21
1619328600,31,Fear,4/25/21
1619415000,27,Fear,4/26/21
1619501400,50,Neutral,4/27/21
1619587800,59,Greed,4/28/21
1619674200,52,Neutral,4/29/21
1619760600,51,Neutral,4/30/21
1619847000,68,Greed,5/1/21
1619933400,66,Greed,5/2/21
1620019800,61,Greed,5/3/21
1620106200,68,Greed,5/4/21
1620192600,48,Neutral,5/5/21
1620279000,65,Greed,5/6/21
1620365400,64,Greed,5/7/21
1620451800,67,Greed,5/8/21
1620538200,73,Greed,5/9/21
1620624600,72,Greed,5/10/21
1620711000,61,Greed,5/11/21
1620797400,68,Greed,5/12/21
1620883800,31,Fear,5/13/21
1620970200,26,Fear,5/14/21
1621056600,27,Fear,5/15/21
1621143000,20,Extreme Fear,5/16/21
1621229400,27,Fear,5/17/21
1621315800,21,Extreme Fear,5/18/21
1621402200,23,Extreme Fear,5/19/21
1621488600,11,Extreme Fear,5/20/21
1621575000,19,Extreme Fear,5/21/21
1621661400,12,Extreme Fear,5/22/21
1621747800,14,Extreme Fear,5/23/21
1621834200,10,Extreme Fear,5/24/21
1621920600,22,Extreme Fear,5/25/21
1622007000,22,Extreme Fear,5/26/21
1622093400,27,Fear,5/27/21
1622179800,21,Extreme Fear,5/28/21
1622266200,18,Extreme Fear,5/29/21
1622352600,10,Extreme Fear,5/30/21
1622439000,18,Extreme Fear,5/31/21
1622525400,20,Extreme Fear,6/1/21
1622611800,23,Extreme Fear,6/2/21
1622698200,24,Extreme Fear,6/3/21
1622784600,27,Fear,6/4/21
1622871000,24,Extreme Fear,6/5/21
1622957400,17,Extreme Fear,6/6/21
1623043800,15,Extreme Fear,6/7/21
1623130200,13,Extreme Fear,6/8/21
1623216600,14,Extreme Fear,6/9/21
1623303000,21,Extreme Fear,6/10/21
1623389400,21,Extreme Fear,6/11/21
1623475800,28,Fear,6/12/21
1623562200,23,Extreme Fear,6/13/21
1623648600,28,Fear,6/14/21
1623735000,38,Fear,6/15/21
1623821400,33,Fear,6/16/21
1623907800,26,Fear,6/17/21
1623994200,25,Fear,6/18/21
1624080600,23,Extreme Fear,6/19/21
1624167000,21,Extreme Fear,6/20/21
1624253400,23,Extreme Fear,6/21/21
1624339800,10,Extreme Fear,6/22/21
1624426200,14,Extreme Fear,6/23/21
1624512600,22,Extreme Fear,6/24/21
1624599000,27,Fear,6/25/21
1624685400,20,Extreme Fear,6/26/21
1624771800,22,Extreme Fear,6/27/21
1624858200,25,Fear,6/28/21
1624944600,25,Fear,6/29/21
1625031000,28,Fear,6/30/21
1625117400,28,Fear,7/1/21
1625203800,21,Extreme Fear,7/2/21
1625290200,24,Extreme Fear,7/3/21
1625376600,27,Fear,7/4/21
1625463000,29,Fear,7/5/21
1625549400,20,Extreme Fear,7/6/21
1625635800,28,Fear,7/7/21
1625722200,20,Extreme Fear,7/8/21
1625808600,20,Extreme Fear,7/9/21
1625895000,20,Extreme Fear,7/10/21
1625981400,20,Extreme Fear,7/11/21
1626067800,25,Fear,7/12/21
1626154200,20,Extreme Fear,7/13/21
1626240600,21,Extreme Fear,7/14/21
1626327000,20,Extreme Fear,7/15/21
1626413400,22,Extreme Fear,7/16/21
1626499800,15,Extreme Fear,7/17/21
1626586200,19,Extreme Fear,7/18/21
1626672600,24,Extreme Fear,7/19/21
1626759000,19,Extreme Fear,7/20/21
1626845400,10,Extreme Fear,7/21/21
1626931800,21,Extreme Fear,7/22/21
1627018200,23,Extreme Fear,7/23/21
1627104600,22,Extreme Fear,7/24/21
1627191000,27,Fear,7/25/21
1627277400,26,Fear,7/26/21
1627363800,32,Fear,7/27/21
1627450200,50,Neutral,7/28/21
1627536600,50,Neutral,7/29/21
1627623000,53,Neutral,7/30/21
1627709400,60,Greed,7/31/21
1627795800,60,Greed,8/1/21
1627882200,48,Neutral,8/2/21
1627968600,48,Neutral,8/3/21
1628055000,42,Fear,8/4/21
1628141400,50,Neutral,8/5/21
1628227800,52,Neutral,8/6/21
1628314200,69,Greed,8/7/21
1628400600,74,Greed,8/8/21
1628487000,65,Greed,8/9/21
1628573400,71,Greed,8/10/21
1628659800,70,Greed,8/11/21
1628746200,70,Greed,8/12/21
1628832600,70,Greed,8/13/21
1628919000,76,Extreme Greed,8/14/21
1629005400,71,Greed,8/15/21
1629091800,72,Greed,8/16/21
1629178200,72,Greed,8/17/21
1629264600,73,Greed,8/18/21
1629351000,70,Greed,8/19/21
1629437400,70,Greed,8/20/21
1629523800,78,Extreme Greed,8/21/21
1629610200,76,Extreme Greed,8/22/21
1629696600,79,Extreme Greed,8/23/21
1629783000,79,Extreme Greed,8/24/21
1629869400,73,Greed,8/25/21
1629955800,75,Extreme Greed,8/26/21
1630042200,71,Greed,8/27/21
1630128600,78,Extreme Greed,8/28/21
1630215000,72,Greed,8/29/21
1630301400,73,Greed,8/30/21
1630387800,73,Greed,8/31/21
1630474200,71,Greed,9/1/21
1630560600,74,Greed,9/2/21
1630647000,74,Greed,9/3/21
1630733400,72,Greed,9/4/21
1630819800,73,Greed,9/5/21
1630906200,79,Extreme Greed,9/6/21
1630992600,79,Extreme Greed,9/7/21
1631079000,47,Neutral,9/8/21
1631165400,45,Neutral,9/9/21
1631251800,46,Neutral,9/10/21
1631338200,31,Fear,9/11/21
1631424600,32,Fear,9/12/21
1631511000,44,Fear,9/13/21
1631597400,30,Fear,9/14/21
1631683800,49,Neutral,9/15/21
1631770200,53,Neutral,9/16/21
1631856600,48,Neutral,9/17/21
1631943000,50,Neutral,9/18/21
1632029400,53,Neutral,9/19/21
1632115800,50,Neutral,9/20/21
1632202200,27,Fear,9/21/21
1632288600,21,Extreme Fear,9/22/21
1632375000,27,Fear,9/23/21
1632461400,33,Fear,9/24/21
1632547800,28,Fear,9/25/21
1632634200,27,Fear,9/26/21
1632720600,26,Fear,9/27/21
1632807000,25,Fear,9/28/21
1632893400,24,Extreme Fear,9/29/21
1632979800,20,Extreme Fear,9/30/21
1633066200,27,Fear,10/1/21
1633152600,54,Neutral,10/2/21
1633239000,49,Neutral,10/3/21
1633325400,54,Neutral,10/4/21
1633411800,59,Greed,10/5/21
1633498200,68,Greed,10/6/21
1633584600,76,Extreme Greed,10/7/21
1633671000,74,Greed,10/8/21
1633757400,72,Greed,10/9/21
1633843800,71,Greed,10/10/21
1633930200,71,Greed,10/11/21
1634016600,78,Extreme Greed,10/12/21
1634103000,70,Greed,10/13/21
1634189400,70,Greed,10/14/21
1634275800,71,Greed,10/15/21
1634362200,78,Extreme Greed,10/16/21
1634448600,79,Extreme Greed,10/17/21
1634535000,78,Extreme Greed,10/18/21
1634621400,75,Extreme Greed,10/19/21
1634707800,82,Extreme Greed,10/20/21
1634794200,84,Extreme Greed,10/21/21
1634880600,75,Extreme Greed,10/22/21
1634967000,74,Greed,10/23/21
1635053400,73,Greed,10/24/21
1635139800,72,Greed,10/25/21
1635226200,76,Extreme Greed,10/26/21
1635312600,73,Greed,10/27/21
1635399000,66,Greed,10/28/21
1635485400,70,Greed,10/29/21
1635571800,73,Greed,10/30/21
1635658200,74,Greed,10/31/21
1635744600,74,Greed,11/1/21
1635831000,73,Greed,11/2/21
1635917400,76,Extreme Greed,11/3/21
1636003800,73,Greed,11/4/21
1636090200,73,Greed,11/5/21
1636176600,71,Greed,11/6/21
1636263000,73,Greed,11/7/21
1636349400,75,Extreme Greed,11/8/21
1636435800,84,Extreme Greed,11/9/21
1636522200,75,Extreme Greed,11/10/21
1636608600,77,Extreme Greed,11/11/21
1636695000,74,Greed,11/12/21
1636781400,72,Greed,11/13/21
1636867800,74,Greed,11/14/21
1636954200,72,Greed,11/15/21
1637040600,71,Greed,11/16/21
1637127000,52,Neutral,11/17/21
1637213400,54,Neutral,11/18/21
1637299800,34,Fear,11/19/21
1637386200,43,Fear,11/20/21
1637472600,49,Neutral,11/21/21
1637559000,50,Neutral,11/22/21
1637645400,33,Fear,11/23/21
1637731800,42,Fear,11/24/21
1637818200,32,Fear,11/25/21
1637904600,47,Neutral,11/26/21
1637991000,21,Extreme Fear,11/27/21
1638077400,27,Fear,11/28/21
1638163800,33,Fear,11/29/21
1638250200,40,Fear,11/30/21
1638336600,34,Fear,12/1/21
1638423000,32,Fear,12/2/21
1638509400,31,Fear,12/3/21
1638595800,25,Fear,12/4/21
1638682200,18,Extreme Fear,12/5/21
1638768600,16,Extreme Fear,12/6/21
1638855000,25,Fear,12/7/21
1638941400,28,Fear,12/8/21
1639027800,29,Fear,12/9/21
1639114200,24,Extreme Fear,12/10/21
1639200600,16,Extreme Fear,12/11/21
1639287000,27,Fear,12/12/21
1639373400,28,Fear,12/13/21
1639459800,21,Extreme Fear,12/14/21
1639546200,28,Fear,12/15/21
1639632600,29,Fear,12/16/21
1639719000,23,Extreme Fear,12/17/21
1639805400,24,Extreme Fear,12/18/21
1639891800,29,Fear,12/19/21
1639978200,25,Fear,12/20/21
1640064600,27,Fear,12/21/21
1640151000,45,Neutral,12/22/21
1640237400,34,Fear,12/23/21
1640323800,41,Fear,12/24/21
1640410200,39,Fear,12/25/21
1640496600,37,Fear,12/26/21
1640583000,40,Fear,12/27/21
1640669400,41,Fear,12/28/21
1640755800,27,Fear,12/29/21
1640842200,22,Extreme Fear,12/30/21
1640928600,28,Fear,12/31/21
1641015000,21,Extreme Fear,1/1/22
1641101400,29,Fear,1/2/22
1641187800,29,Fear,1/3/22
1641274200,23,Extreme Fear,1/4/22
1641360600,24,Extreme Fear,1/5/22
1641447000,15,Extreme Fear,1/6/22
1641533400,18,Extreme Fear,1/7/22
1641619800,10,Extreme Fear,1/8/22
1641706200,23,Extreme Fear,1/9/22
1641792600,23,Extreme Fear,1/10/22
1641879000,21,Extreme Fear,1/11/22
1641965400,22,Extreme Fear,1/12/22
1642051800,21,Extreme Fear,1/13/22
1642138200,21,Extreme Fear,1/14/22
1642224600,23,Extreme Fear,1/15/22
1642311000,21,Extreme Fear,1/16/22
1642397400,22,Extreme Fear,1/17/22
1642483800,24,Extreme Fear,1/18/22
1642570200,24,Extreme Fear,1/19/22
1642656600,24,Extreme Fear,1/20/22
1642743000,19,Extreme Fear,1/21/22
1642829400,13,Extreme Fear,1/22/22
1642915800,11,Extreme Fear,1/23/22
1643002200,13,Extreme Fear,1/24/22
1643088600,12,Extreme Fear,1/25/22
1643175000,23,Extreme Fear,1/26/22
1643261400,20,Extreme Fear,1/27/22
1643347800,24,Extreme Fear,1/28/22
1643434200,24,Extreme Fear,1/29/22
1643520600,29,Fear,1/30/22
1643607000,20,Extreme Fear,1/31/22
1643693400,26,Fear,2/1/22
1643779800,28,Fear,2/2/22
1643866200,20,Extreme Fear,2/3/22
1643952600,20,Extreme Fear,2/4/22
1644039000,33,Fear,2/5/22
1644125400,37,Fear,2/6/22
1644211800,45,Neutral,2/7/22
1644298200,48,Neutral,2/8/22
1644384600,54,Neutral,2/9/22
1644471000,50,Neutral,2/10/22
1644557400,50,Neutral,2/11/22
1644643800,44,Fear,2/12/22
1644730200,44,Fear,2/13/22
1644816600,46,Neutral,2/14/22
1644903000,46,Neutral,2/15/22
1644989400,51,Neutral,2/16/22
1645075800,52,Neutral,2/17/22
1645162200,30,Fear,2/18/22
1645248600,25,Fear,2/19/22
1645335000,27,Fear,2/20/22
1645421400,25,Fear,2/21/22
1645507800,20,Extreme Fear,2/22/22
1645594200,25,Fear,2/23/22
1645680600,23,Extreme Fear,2/24/22
1645767000,27,Fear,2/25/22
1645853400,26,Fear,2/26/22
1645939800,26,Fear,2/27/22
1646026200,20,Extreme Fear,2/28/22
1646112600,51,Neutral,3/1/22
1646199000,52,Neutral,3/2/22
1646285400,39,Fear,3/3/22
1646371800,33,Fear,3/4/22
1646458200,22,Extreme Fear,3/5/22
1646544600,22,Extreme Fear,3/6/22
1646631000,23,Extreme Fear,3/7/22
1646717400,21,Extreme Fear,3/8/22
1646803800,22,Extreme Fear,3/9/22
1646890200,28,Fear,3/10/22
1646976600,22,Extreme Fear,3/11/22
1647063000,22,Extreme Fear,3/12/22
1647149400,21,Extreme Fear,3/13/22
1647235800,23,Extreme Fear,3/14/22
1647322200,21,Extreme Fear,3/15/22
1647408600,24,Extreme Fear,3/16/22
1647495000,27,Fear,3/17/22
1647581400,25,Fear,3/18/22
1647667800,28,Fear,3/19/22
1647754200,31,Fear,3/20/22
1647840600,30,Fear,3/21/22
1647927000,26,Fear,3/22/22
1648013400,31,Fear,3/23/22
1648099800,40,Fear,3/24/22
1648186200,47,Neutral,3/25/22
1648272600,51,Neutral,3/26/22
1648359000,49,Neutral,3/27/22
1648445400,60,Greed,3/28/22
1648531800,56,Greed,3/29/22
1648618200,55,Greed,3/30/22
1648704600,52,Neutral,3/31/22
1648791000,50,Neutral,4/1/22
1648877400,52,Neutral,4/2/22
1648963800,48,Neutral,4/3/22
1649050200,52,Neutral,4/4/22
1649136600,53,Neutral,4/5/22
1649223000,48,Neutral,4/6/22
1649309400,34,Fear,4/7/22
1649395800,37,Fear,4/8/22
1649482200,30,Fear,4/9/22
1649568600,34,Fear,4/10/22
1649655000,32,Fear,4/11/22
1649741400,20,Extreme Fear,4/12/22
1649827800,25,Fear,4/13/22
1649914200,28,Fear,4/14/22
1650000600,22,Extreme Fear,4/15/22
1650087000,28,Fear,4/16/22
1650173400,28,Fear,4/17/22
1650259800,24,Extreme Fear,4/18/22
1650346200,27,Fear,4/19/22
1650432600,27,Fear,4/20/22
1650519000,27,Fear,4/21/22
1650605400,26,Fear,4/22/22
1650691800,24,Extreme Fear,4/23/22
1650778200,24,Extreme Fear,4/24/22
1650864600,23,Extreme Fear,4/25/22
1650951000,27,Fear,4/26/22
1651037400,21,Extreme Fear,4/27/22
1651123800,24,Extreme Fear,4/28/22
1651210200,23,Extreme Fear,4/29/22
1651296600,20,Extreme Fear,4/30/22
1651383000,22,Extreme Fear,5/1/22
1651469400,28,Fear,5/2/22
1651555800,27,Fear,5/3/22
1651642200,21,Extreme Fear,5/4/22
1651728600,27,Fear,5/5/22
1651815000,22,Extreme Fear,5/6/22
1651901400,23,Extreme Fear,5/7/22
1651987800,18,Extreme Fear,5/8/22
1652074200,11,Extreme Fear,5/9/22
1652160600,10,Extreme Fear,5/10/22
1652247000,12,Extreme Fear,5/11/22
1652333400,12,Extreme Fear,5/12/22
1652419800,10,Extreme Fear,5/13/22
1652506200,9,Extreme Fear,5/14/22
1652592600,10,Extreme Fear,5/15/22
1652679000,14,Extreme Fear,5/16/22
1652765400,8,Extreme Fear,5/17/22
1652851800,12,Extreme Fear,5/18/22
1652938200,13,Extreme Fear,5/19/22
1653024600,13,Extreme Fear,5/20/22
1653111000,13,Extreme Fear,5/21/22
1653197400,14,Extreme Fear,5/22/22
1653283800,10,Extreme Fear,5/23/22
1653370200,12,Extreme Fear,5/24/22
1653456600,11,Extreme Fear,5/25/22
1653543000,12,Extreme Fear,5/26/22
1653629400,12,Extreme Fear,5/27/22
1653715800,13,Extreme Fear,5/28/22
1653802200,14,Extreme Fear,5/29/22
1653888600,10,Extreme Fear,5/30/22
1653975000,16,Extreme Fear,5/31/22
1654061400,17,Extreme Fear,6/1/22
1654147800,13,Extreme Fear,6/2/22
1654234200,10,Extreme Fear,6/3/22
1654320600,14,Extreme Fear,6/4/22
1654407000,10,Extreme Fear,6/5/22
1654493400,13,Extreme Fear,6/6/22
1654579800,15,Extreme Fear,6/7/22
1654666200,17,Extreme Fear,6/8/22
1654752600,11,Extreme Fear,6/9/22
1654839000,13,Extreme Fear,6/10/22
1654925400,12,Extreme Fear,6/11/22
1655011800,14,Extreme Fear,6/12/22
1655098200,11,Extreme Fear,6/13/22
1655184600,8,Extreme Fear,6/14/22
1655271000,7,Extreme Fear,6/15/22
1655357400,7,Extreme Fear,6/16/22
1655443800,9,Extreme Fear,6/17/22
1655530200,6,Extreme Fear,6/18/22
1655616600,6,Extreme Fear,6/19/22
1655703000,9,Extreme Fear,6/20/22
1655789400,9,Extreme Fear,6/21/22
1655875800,11,Extreme Fear,6/22/22
1655962200,11,Extreme Fear,6/23/22
1656048600,11,Extreme Fear,6/24/22
1656135000,14,Extreme Fear,6/25/22
1656221400,14,Extreme Fear,6/26/22
1656307800,12,Extreme Fear,6/27/22
1656394200,10,Extreme Fear,6/28/22
1656480600,13,Extreme Fear,6/29/22
1656567000,11,Extreme Fear,6/30/22
1656653400,11,Extreme Fear,7/1/22
1656739800,14,Extreme Fear,7/2/22
1656826200,11,Extreme Fear,7/3/22
1656912600,14,Extreme Fear,7/4/22
1656999000,19,Extreme Fear,7/5/22
1657085400,18,Extreme Fear,7/6/22
1657171800,18,Extreme Fear,7/7/22
1657258200,20,Extreme Fear,7/8/22
1657344600,24,Extreme Fear,7/9/22
1657431000,24,Extreme Fear,7/10/22
1657517400,22,Extreme Fear,7/11/22
1657603800,16,Extreme Fear,7/12/22
1657690200,15,Extreme Fear,7/13/22
1657776600,18,Extreme Fear,7/14/22
1657863000,15,Extreme Fear,7/15/22
1657949400,21,Extreme Fear,7/16/22
1658035800,24,Extreme Fear,7/17/22
1658122200,20,Extreme Fear,7/18/22
1658208600,30,Fear,7/19/22
1658295000,31,Fear,7/20/22
1658381400,34,Fear,7/21/22
1658467800,33,Fear,7/22/22
1658554200,31,Fear,7/23/22
1658640600,30,Fear,7/24/22
1658727000,30,Fear,7/25/22
1658813400,26,Fear,7/26/22
1658899800,28,Fear,7/27/22
1658986200,32,Fear,7/28/22
1659072600,39,Fear,7/29/22
1659159000,42,Fear,7/30/22
1659245400,39,Fear,7/31/22
1659331800,33,Fear,8/1/22
1659418200,31,Fear,8/2/22
1659504600,34,Fear,8/3/22
1659591000,30,Fear,8/4/22
1659677400,31,Fear,8/5/22
1659763800,31,Fear,8/6/22
1659850200,30,Fear,8/7/22
1659936600,30,Fear,8/8/22
1660023000,42,Fear,8/9/22
1660109400,31,Fear,8/10/22
1660195800,41,Fear,8/11/22
1660282200,42,Fear,8/12/22
1660368600,46,Neutral,8/13/22
1660455000,47,Neutral,8/14/22
1660541400,45,Neutral,8/15/22
1660627800,44,Fear,8/16/22
1660714200,41,Fear,8/17/22
1660800600,30,Fear,8/18/22
1660887000,33,Fear,8/19/22
1660973400,29,Fear,8/20/22
1661059800,27,Fear,8/21/22
1661146200,29,Fear,8/22/22
1661232600,28,Fear,8/23/22
1661319000,25,Fear,8/24/22
1661405400,25,Fear,8/25/22
1661491800,27,Fear,8/26/22
1661578200,28,Fear,8/27/22
1661664600,28,Fear,8/28/22
1661751000,24,Extreme Fear,8/29/22
1661837400,27,Fear,8/30/22
1661923800,23,Extreme Fear,8/31/22
1662010200,20,Extreme Fear,9/1/22
1662096600,25,Fear,9/2/22
1662183000,21,Extreme Fear,9/3/22
1662269400,20,Extreme Fear,9/4/22
1662355800,23,Extreme Fear,9/5/22
1662442200,22,Extreme Fear,9/6/22
1662528600,24,Extreme Fear,9/7/22
1662615000,20,Extreme Fear,9/8/22
1662701400,22,Extreme Fear,9/9/22
1662787800,28,Fear,9/10/22
1662874200,26,Fear,9/11/22
1662960600,25,Fear,9/12/22
1663047000,34,Fear,9/13/22
1663133400,27,Fear,9/14/22
1663219800,28,Fear,9/15/22
1663306200,20,Extreme Fear,9/16/22
1663392600,22,Extreme Fear,9/17/22
1663479000,27,Fear,9/18/22
1663565400,21,Extreme Fear,9/19/22
1663651800,23,Extreme Fear,9/20/22
1663738200,23,Extreme Fear,9/21/22
1663824600,22,Extreme Fear,9/22/22
1663911000,20,Extreme Fear,9/23/22
1663997400,24,Extreme Fear,9/24/22
1664083800,24,Extreme Fear,9/25/22
1664170200,21,Extreme Fear,9/26/22
1664256600,20,Extreme Fear,9/27/22
1664343000,20,Extreme Fear,9/28/22
1664429400,22,Extreme Fear,9/29/22
1664515800,21,Extreme Fear,9/30/22
1664602200,20,Extreme Fear,10/1/22
1664688600,24,Extreme Fear,10/2/22
1664775000,24,Extreme Fear,10/3/22
1664861400,20,Extreme Fear,10/4/22
1664947800,25,Fear,10/5/22
1665034200,26,Fear,10/6/22
1665120600,23,Extreme Fear,10/7/22
1665207000,24,Extreme Fear,10/8/22
1665293400,22,Extreme Fear,10/9/22
1665379800,22,Extreme Fear,10/10/22
1665466200,24,Extreme Fear,10/11/22
1665552600,20,Extreme Fear,10/12/22
1665639000,20,Extreme Fear,10/13/22
1665725400,24,Extreme Fear,10/14/22
1665811800,24,Extreme Fear,10/15/22
1665898200,24,Extreme Fear,10/16/22
1665984600,20,Extreme Fear,10/17/22
1666071000,22,Extreme Fear,10/18/22
1666157400,23,Extreme Fear,10/19/22
1666243800,23,Extreme Fear,10/20/22
1666330200,23,Extreme Fear,10/21/22
1666416600,20,Extreme Fear,10/22/22
1666503000,23,Extreme Fear,10/23/22
1666589400,22,Extreme Fear,10/24/22
1666675800,20,Extreme Fear,10/25/22
1666762200,33,Fear,10/26/22
1666848600,32,Fear,10/27/22
1666935000,30,Fear,10/28/22
1667021400,34,Fear,10/29/22
1667107800,34,Fear,10/30/22
1667194200,31,Fear,10/31/22
1667280600,30,Fear,11/1/22
1667367000,30,Fear,11/2/22
1667453400,30,Fear,11/3/22
1667539800,30,Fear,11/4/22
1667626200,38,Fear,11/5/22
1667712600,40,Fear,11/6/22
1667799000,33,Fear,11/7/22
1667885400,31,Fear,11/8/22
1667971800,29,Fear,11/9/22
1668058200,22,Extreme Fear,11/10/22
1668144600,25,Fear,11/11/22
1668231000,21,Extreme Fear,11/12/22
1668317400,22,Extreme Fear,11/13/22
1668403800,24,Extreme Fear,11/14/22
1668490200,22,Extreme Fear,11/15/22
1668576600,23,Extreme Fear,11/16/22
1668663000,20,Extreme Fear,11/17/22
1668749400,23,Extreme Fear,11/18/22
1668835800,23,Extreme Fear,11/19/22
1668922200,24,Extreme Fear,11/20/22
1669008600,21,Extreme Fear,11/21/22
1669095000,22,Extreme Fear,11/22/22
1669181400,22,Extreme Fear,11/23/22
1669267800,20,Extreme Fear,11/24/22
1669354200,20,Extreme Fear,11/25/22
1669440600,22,Extreme Fear,11/26/22
1669527000,26,Fear,11/27/22
1669613400,28,Fear,11/28/22
1669699800,26,Fear,11/29/22
1669786200,29,Fear,11/30/22
1669872600,27,Fear,12/1/22
1669959000,27,Fear,12/2/22
1670045400,27,Fear,12/3/22
1670131800,26,Fear,12/4/22
1670218200,26,Fear,12/5/22
1670304600,25,Fear,12/6/22
1670391000,29,Fear,12/7/22
1670477400,25,Fear,12/8/22
1670563800,26,Fear,12/9/22
1670650200,27,Fear,12/10/22
1670736600,26,Fear,12/11/22
1670823000,27,Fear,12/12/22
1670909400,27,Fear,12/13/22
1670995800,30,Fear,12/14/22
1671082200,31,Fear,12/15/22
1671168600,29,Fear,12/16/22
1671255000,28,Fear,12/17/22
1671341400,26,Fear,12/18/22
1671427800,29,Fear,12/19/22
1671514200,29,Fear,12/20/22
1671600600,26,Fear,12/21/22
1671687000,28,Fear,12/22/22
1671773400,27,Fear,12/23/22
1671859800,29,Fear,12/24/22
1671946200,29,Fear,12/25/22
1672032600,28,Fear,12/26/22
1672119000,27,Fear,12/27/22
1672205400,28,Fear,12/28/22
1672291800,28,Fear,12/29/22
1672378200,28,Fear,12/30/22
1672464600,25,Fear,12/31/22
1672551000,26,Fear,1/1/23
1672637400,27,Fear,1/2/23
1672723800,26,Fear,1/3/23
1672810200,29,Fear,1/4/23
1672896600,29,Fear,1/5/23
1672983000,26,Fear,1/6/23
1673069400,25,Fear,1/7/23
1673155800,25,Fear,1/8/23
1673242200,25,Fear,1/9/23
1673328600,26,Fear,1/10/23
1673415000,26,Fear,1/11/23
1673501400,30,Fear,1/12/23
1673587800,31,Fear,1/13/23
1673674200,46,Neutral,1/14/23
1673760600,52,Neutral,1/15/23
1673847000,45,Neutral,1/16/23
1673933400,51,Neutral,1/17/23
1674019800,52,Neutral,1/18/23
1674106200,45,Neutral,1/19/23
1674192600,51,Neutral,1/20/23
1674279000,53,Neutral,1/21/23
1674365400,53,Neutral,1/22/23
1674451800,50,Neutral,1/23/23
1674538200,52,Neutral,1/24/23
1674624600,51,Neutral,1/25/23
1674711000,54,Neutral,1/26/23
1674797400,55,Greed,1/27/23
1674883800,52,Neutral,1/28/23
1674970200,55,Greed,1/29/23
1675056600,61,Greed,1/30/23
1675143000,51,Neutral,1/31/23
1675229400,56,Greed,2/1/23
1675315800,60,Greed,2/2/23
1675402200,60,Greed,2/3/23
1675488600,58,Greed,2/4/23
1675575000,58,Greed,2/5/23
1675661400,56,Greed,2/6/23
1675747800,54,Neutral,2/7/23
1675834200,58,Greed,2/8/23
1675920600,55,Greed,2/9/23
1676007000,48,Neutral,2/10/23
1676093400,49,Neutral,2/11/23
1676179800,50,Neutral,2/12/23
1676266200,48,Neutral,2/13/23
1676352600,50,Neutral,2/14/23
1676439000,53,Neutral,2/15/23
1676525400,62,Greed,2/16/23
1676611800,61,Greed,2/17/23
1676698200,60,Greed,2/18/23
1676784600,60,Greed,2/19/23
1676871000,58,Greed,2/20/23
1676957400,60,Greed,2/21/23
1677043800,59,Greed,2/22/23
1677130200,56,Greed,2/23/23
1677216600,53,Neutral,2/24/23
1677303000,52,Neutral,2/25/23
1677389400,51,Neutral,2/26/23
1677475800,50,Neutral,2/27/23
1677562200,53,Neutral,2/28/23
1677648600,50,Neutral,3/1/23
1677735000,51,Neutral,3/2/23
1677821400,50,Neutral,3/3/23
1677907800,50,Neutral,3/4/23
1677994200,47,Neutral,3/5/23
1678080600,48,Neutral,3/6/23
1678167000,49,Neutral,3/7/23
1678253400,50,Neutral,3/8/23
1678339800,44,Fear,3/9/23
1678426200,34,Fear,3/10/23
1678512600,33,Fear,3/11/23
1678599000,33,Fear,3/12/23
1678685400,49,Neutral,3/13/23
1678771800,56,Greed,3/14/23
1678858200,50,Neutral,3/15/23
1678944600,52,Neutral,3/16/23
1679031000,51,Neutral,3/17/23
1679117400,64,Greed,3/18/23
1679203800,63,Greed,3/19/23
1679290200,66,Greed,3/20/23
1679376600,68,Greed,3/21/23
1679463000,62,Greed,3/22/23
1679549400,57,Greed,3/23/23
1679635800,61,Greed,3/24/23
1679722200,64,Greed,3/25/23
1679808600,64,Greed,3/26/23
1679895000,64,Greed,3/27/23
1679981400,59,Greed,3/28/23
1680067800,57,Greed,3/29/23
1680154200,60,Greed,3/30/23
1680240600,63,Greed,3/31/23
1680327000,61,Greed,4/1/23
1680413400,63,Greed,4/2/23
1680499800,63,Greed,4/3/23
1680586200,62,Greed,4/4/23
1680672600,62,Greed,4/5/23
1680759000,63,Greed,4/6/23
1680845400,64,Greed,4/7/23
1680931800,61,Greed,4/8/23
1681018200,61,Greed,4/9/23
1681104600,62,Greed,4/10/23
1681191000,68,Greed,4/11/23
1681277400,65,Greed,4/12/23
1681363800,61,Greed,4/13/23
1681450200,68,Greed,4/14/23
1681536600,68,Greed,4/15/23
1681623000,68,Greed,4/16/23
1681709400,69,Greed,4/17/23
1681795800,58,Greed,4/18/23
1681882200,63,Greed,4/19/23
1681968600,52,Neutral,4/20/23
1682055000,50,Neutral,4/21/23
1682141400,53,Neutral,4/22/23
1682227800,56,Greed,4/23/23
1682314200,53,Neutral,4/24/23
1682400600,53,Neutral,4/25/23
1682487000,56,Greed,4/26/23
1682573400,59,Greed,4/27/23
1682659800,64,Greed,4/28/23
1682746200,64,Greed,4/29/23
1682832600,60,Greed,4/30/23
1682919000,63,Greed,5/1/23
1683005400,55,Greed,5/2/23
1683091800,64,Greed,5/3/23
1683178200,64,Greed,5/4/23
1683264600,61,Greed,5/5/23
1683351000,60,Greed,5/6/23
1683437400,64,Greed,5/7/23
1683523800,60,Greed,5/8/23
1683610200,51,Neutral,5/9/23
1683696600,52,Neutral,5/10/23
1683783000,52,Neutral,5/11/23
1683869400,49,Neutral,5/12/23
1683955800,48,Neutral,5/13/23
1684042200,48,Neutral,5/14/23
1684128600,50,Neutral,5/15/23
1684215000,54,Neutral,5/16/23
1684301400,50,Neutral,5/17/23
1684387800,51,Neutral,5/18/23
1684474200,48,Neutral,5/19/23
1684560600,48,Neutral,5/20/23
1684647000,52,Neutral,5/21/23
1684733400,49,Neutral,5/22/23
1684819800,50,Neutral,5/23/23
1684906200,50,Neutral,5/24/23
1684992600,51,Neutral,5/25/23
1685079000,49,Neutral,5/26/23
1685165400,48,Neutral,5/27/23
1685251800,50,Neutral,5/28/23
1685338200,52,Neutral,5/29/23
1685424600,51,Neutral,5/30/23
1685511000,51,Neutral,5/31/23
1685597400,52,Neutral,6/1/23
1685683800,50,Neutral,6/2/23
1685770200,53,Neutral,6/3/23
1685856600,52,Neutral,6/4/23
1685943000,53,Neutral,6/5/23
1686029400,44,Fear,6/6/23
1686115800,53,Neutral,6/7/23
1686202200,50,Neutral,6/8/23
1686288600,50,Neutral,6/9/23
1686375000,49,Neutral,6/10/23
1686461400,47,Neutral,6/11/23
1686547800,47,Neutral,6/12/23
1686634200,45,Neutral,6/13/23
1686720600,46,Neutral,6/14/23
1686807000,41,Fear,6/15/23
1686893400,47,Neutral,6/16/23
1686979800,47,Neutral,6/17/23
1687066200,49,Neutral,6/18/23
1687152600,47,Neutral,6/19/23
1687239000,49,Neutral,6/20/23
1687325400,59,Greed,6/21/23
1687411800,65,Greed,6/22/23
1687498200,65,Greed,6/23/23
1687584600,62,Greed,6/24/23
1687671000,64,Greed,6/25/23
1687757400,55,Greed,6/26/23
1687843800,59,Greed,6/27/23
1687930200,62,Greed,6/28/23
1688016600,54,Neutral,6/29/23
1688103000,56,Greed,6/30/23
1688189400,59,Greed,7/1/23
1688275800,63,Greed,7/2/23
1688362200,62,Greed,7/3/23
1688448600,64,Greed,7/4/23
1688535000,61,Greed,7/5/23
1688621400,56,Greed,7/6/23
1688707800,55,Greed,7/7/23
1688794200,58,Greed,7/8/23
1688880600,55,Greed,7/9/23
1688967000,56,Greed,7/10/23
1689053400,57,Greed,7/11/23
1689139800,64,Greed,7/12/23
1689226200,57,Greed,7/13/23
1689312600,60,Greed,7/14/23
1689399000,56,Greed,7/15/23
1689485400,57,Greed,7/16/23
1689571800,54,Neutral,7/17/23
1689658200,56,Greed,7/18/23
1689744600,50,Neutral,7/19/23
1689831000,56,Greed,7/20/23
1689917400,50,Neutral,7/21/23
1690003800,52,Neutral,7/22/23
1690090200,54,Neutral,7/23/23
1690176600,55,Greed,7/24/23
1690263000,50,Neutral,7/25/23
1690349400,51,Neutral,7/26/23
1690435800,51,Neutral,7/27/23
1690522200,52,Neutral,7/28/23
1690608600,52,Neutral,7/29/23
1690695000,52,Neutral,7/30/23
1690781400,50,Neutral,7/31/23
1690867800,53,Neutral,8/1/23
1690954200,53,Neutral,8/2/23
1691040600,52,Neutral,8/3/23
1691127000,54,Neutral,8/4/23
1691213400,50,Neutral,8/5/23
1691299800,49,Neutral,8/6/23
1691386200,49,Neutral,8/7/23
1691472600,54,Neutral,8/8/23
1691559000,50,Neutral,8/9/23
1691645400,53,Neutral,8/10/23
1691731800,51,Neutral,8/11/23
1691818200,54,Neutral,8/12/23
1691904600,54,Neutral,8/13/23
1691991000,50,Neutral,8/14/23
1692077400,53,Neutral,8/15/23
1692163800,52,Neutral,8/16/23
1692250200,50,Neutral,8/17/23
1692336600,37,Fear,8/18/23
1692423000,39,Fear,8/19/23
1692509400,37,Fear,8/20/23
1692595800,38,Fear,8/21/23
1692682200,37,Fear,8/22/23
1692768600,37,Fear,8/23/23
1692855000,41,Fear,8/24/23
1692941400,39,Fear,8/25/23
1693027800,38,Fear,8/26/23
1693114200,38,Fear,8/27/23
1693200600,39,Fear,8/28/23
1693287000,39,Fear,8/29/23
1693373400,49,Neutral,8/30/23
1693459800,52,Neutral,8/31/23
1693546200,40,Fear,9/1/23
1693632600,39,Fear,9/2/23
1693719000,40,Fear,9/3/23
1693805400,40,Fear,9/4/23
1693891800,40,Fear,9/5/23
1693978200,42,Fear,9/6/23
1694064600,41,Fear,9/7/23
1694151000,46,Neutral,9/8/23
1694237400,41,Fear,9/9/23
1694323800,40,Fear,9/10/23
1694410200,40,Fear,9/11/23
1694496600,30,Fear,9/12/23
1694583000,41,Fear,9/13/23
1694669400,45,Neutral,9/14/23
1694755800,45,Neutral,9/15/23
1694842200,43,Fear,9/16/23
1694928600,46,Neutral,9/17/23
1695015000,46,Neutral,9/18/23
1695101400,46,Neutral,9/19/23
1695187800,47,Neutral,9/20/23
1695274200,47,Neutral,9/21/23
1695360600,43,Fear,9/22/23
1695447000,47,Neutral,9/23/23
1695533400,44,Fear,9/24/23
1695619800,47,Neutral,9/25/23
1695706200,46,Neutral,9/26/23
1695792600,44,Fear,9/27/23
1695879000,46,Neutral,9/28/23
1695965400,48,Neutral,9/29/23
1696051800,47,Neutral,9/30/23
1696138200,48,Neutral,10/1/23
1696224600,50,Neutral,10/2/23
1696311000,50,Neutral,10/3/23
1696397400,49,Neutral,10/4/23
1696483800,48,Neutral,10/5/23
1696570200,50,Neutral,10/6/23
1696656600,49,Neutral,10/7/23
1696743000,50,Neutral,10/8/23
1696829400,50,Neutral,10/9/23
1696915800,50,Neutral,10/10/23
1697002200,47,Neutral,10/11/23
1697088600,45,Neutral,10/12/23
1697175000,44,Fear,10/13/23
1697261400,47,Neutral,10/14/23
1697347800,45,Neutral,10/15/23
1697434200,47,Neutral,10/16/23
1697520600,52,Neutral,10/17/23
1697607000,50,Neutral,10/18/23
1697693400,52,Neutral,10/19/23
1697779800,53,Neutral,10/20/23
1697866200,63,Greed,10/21/23
1697952600,53,Neutral,10/22/23
1698039000,53,Neutral,10/23/23
1698125400,66,Greed,10/24/23
1698211800,72,Greed,10/25/23
1698298200,71,Greed,10/26/23
1698384600,70,Greed,10/27/23
1698471000,65,Greed,10/28/23
1698557400,72,Greed,10/29/23
1698643800,68,Greed,10/30/23
1698730200,66,Greed,10/31/23
1698816600,66,Greed,11/1/23
1698903000,72,Greed,11/2/23
1698989400,65,Greed,11/3/23
1699075800,68,Greed,11/4/23
1699162200,70,Greed,11/5/23
1699248600,74,Greed,11/6/23
1699335000,68,Greed,11/7/23
1699421400,66,Greed,11/8/23
1699507800,69,Greed,11/9/23
1699594200,70,Greed,11/10/23
1699680600,70,Greed,11/11/23
1699767000,73,Greed,11/12/23
1699853400,72,Greed,11/13/23
1699939800,69,Greed,11/14/23
1700026200,60,Greed,11/15/23
1700112600,70,Greed,11/16/23
1700199000,63,Greed,11/17/23
1700285400,69,Greed,11/18/23
1700371800,66,Greed,11/19/23
1700458200,69,Greed,11/20/23
1700544600,71,Greed,11/21/23
1700631000,62,Greed,11/22/23
1700717400,66,Greed,11/23/23
1700803800,66,Greed,11/24/23
1700890200,73,Greed,11/25/23
1700976600,73,Greed,11/26/23
1701063000,66,Greed,11/27/23
1701149400,68,Greed,11/28/23
1701235800,72,Greed,11/29/23
1701322200,74,Greed,11/30/23
1701408600,71,Greed,12/1/23
1701495000,74,Greed,12/2/23
1701581400,73,Greed,12/3/23
1701667800,74,Greed,12/4/23
1701754200,75,Extreme Greed,12/5/23
1701840600,72,Greed,12/6/23
1701927000,72,Greed,12/7/23
1702013400,72,Greed,12/8/23
1702099800,73,Greed,12/9/23
1702186200,74,Greed,12/10/23
1702272600,74,Greed,12/11/23
1702359000,67,Greed,12/12/23
1702445400,65,Greed,12/13/23
1702531800,72,Greed,12/14/23
1702618200,70,Greed,12/15/23
1702704600,67,Greed,12/16/23
1702791000,73,Greed,12/17/23
1702877400,65,Greed,12/18/23
1702963800,73,Greed,12/19/23
1703050200,74,Greed,12/20/23
1703136600,70,Greed,12/21/23
1703223000,74,Greed,12/22/23
1703309400,70,Greed,12/23/23
1703395800,71,Greed,12/24/23
1703482200,73,Greed,12/25/23
1703568600,71,Greed,12/26/23
1703655000,73,Greed,12/27/23
1703741400,73,Greed,12/28/23
1703827800,65,Greed,12/29/23
1703914200,68,Greed,12/30/23
1704000600,67,Greed,12/31/23
1704087000,65,Greed,1/1/24
1704173400,71,Greed,1/2/24
1704259800,70,Greed,1/3/24
1704346200,68,Greed,1/4/24
1704432600,72,Greed,1/5/24
1704519000,70,Greed,1/6/24
1704605400,71,Greed,1/7/24
1704691800,71,Greed,1/8/24
1704778200,76,Extreme Greed,1/9/24
1704864600,73,Greed,1/10/24
1704951000,76,Extreme Greed,1/11/24
1705037400,71,Greed,1/12/24
1705123800,64,Greed,1/13/24
1705210200,60,Greed,1/14/24
1705296600,52,Neutral,1/15/24
1705383000,64,Greed,1/16/24
1705469400,60,Greed,1/17/24
1705555800,63,Greed,1/18/24
1705642200,51,Neutral,1/19/24
1705728600,52,Neutral,1/20/24
1705815000,56,Greed,1/21/24
1705901400,55,Greed,1/22/24
1705987800,50,Neutral,1/23/24
1706074200,48,Neutral,1/24/24
1706160600,52,Neutral,1/25/24
1706247000,49,Neutral,1/26/24
1706333400,55,Greed,1/27/24
1706419800,54,Neutral,1/28/24
1706506200,55,Greed,1/29/24
1706592600,61,Greed,1/30/24
1706679000,60,Greed,1/31/24
1706765400,63,Greed,2/1/24
1706851800,63,Greed,2/2/24
1706938200,60,Greed,2/3/24
1707024600,60,Greed,2/4/24
1707111000,60,Greed,2/5/24
1707197400,64,Greed,2/6/24
1707283800,62,Greed,2/7/24
1707370200,66,Greed,2/8/24
1707456600,72,Greed,2/9/24
1707543000,74,Greed,2/10/24
1707629400,71,Greed,2/11/24
1707715800,70,Greed,2/12/24
1707802200,79,Extreme Greed,2/13/24
1707888600,74,Greed,2/14/24
1707975000,72,Greed,2/15/24
1708061400,72,Greed,2/16/24
1708147800,76,Extreme Greed,2/17/24
1708234200,72,Greed,2/18/24
1708320600,75,Extreme Greed,2/19/24
1708407000,72,Greed,2/20/24
1708493400,78,Extreme Greed,2/21/24
1708579800,74,Greed,2/22/24
1708666200,76,Extreme Greed,2/23/24
1708752600,72,Greed,2/24/24
1708839000,74,Greed,2/25/24
1708925400,72,Greed,2/26/24
1709011800,79,Extreme Greed,2/27/24
1709098200,82,Extreme Greed,2/28/24
1709184600,80,Extreme Greed,2/29/24
1709271000,80,Extreme Greed,3/1/24
1709357400,80,Extreme Greed,3/2/24
1709443800,83,Extreme Greed,3/3/24
1709530200,82,Extreme Greed,3/4/24
1709616600,90,Extreme Greed,3/5/24
1709703000,75,Extreme Greed,3/6/24
1709789400,82,Extreme Greed,3/7/24
1709875800,81,Extreme Greed,3/8/24
1709962200,84,Extreme Greed,3/9/24
1710048600,79,Extreme Greed,3/10/24
1710135000,82,Extreme Greed,3/11/24
1710221400,81,Extreme Greed,3/12/24
1710307800,81,Extreme Greed,3/13/24
1710394200,88,Extreme Greed,3/14/24
1710480600,83,Extreme Greed,3/15/24
1710567000,81,Extreme Greed,3/16/24
1710653400,79,Extreme Greed,3/17/24
1710739800,77,Extreme Greed,3/18/24
1710826200,79,Extreme Greed,3/19/24
1710912600,74,Greed,3/20/24
1710999000,78,Extreme Greed,3/21/24
1711085400,75,Extreme Greed,3/22/24
1711171800,73,Greed,3/23/24
1711258200,74,Greed,3/24/24
1711344600,75,Extreme Greed,3/25/24
1711431000,81,Extreme Greed,3/26/24
1711517400,83,Extreme Greed,3/27/24
1711603800,80,Extreme Greed,3/28/24
1711690200,79,Extreme Greed,3/29/24
1711776600,75,Extreme Greed,3/30/24
1711863000,75,Extreme Greed,3/31/24
1711949400,79,Extreme Greed,4/1/24
1712035800,79,Extreme Greed,4/2/24
1712122200,71,Greed,4/3/24
1712208600,70,Greed,4/4/24
1712295000,79,Extreme Greed,4/5/24
1712381400,75,Extreme Greed,4/6/24
1712467800,78,Extreme Greed,4/7/24
1712554200,76,Extreme Greed,4/8/24
1712640600,80,Extreme Greed,4/9/24
1712727000,78,Extreme Greed,4/10/24
1712813400,76,Extreme Greed,4/11/24
1712899800,79,Extreme Greed,4/12/24
1712986200,72,Greed,4/13/24
1713072600,72,Greed,4/14/24
1713159000,74,Greed,4/15/24
1713245400,65,Greed,4/16/24
1713331800,67,Greed,4/17/24
1713418200,57,Greed,4/18/24
1713504600,66,Greed,4/19/24
1713591000,66,Greed,4/20/24
1713677400,72,Greed,4/21/24
1713763800,73,Greed,4/22/24
1713850200,71,Greed,4/23/24
1713936600,72,Greed,4/24/24
1714023000,72,Greed,4/25/24
1714109400,70,Greed,4/26/24
1714195800,67,Greed,4/27/24
1714282200,65,Greed,4/28/24
1714368600,67,Greed,4/29/24
1714455000,67,Greed,4/30/24
1714541400,54,Neutral,5/1/24
1714627800,43,Fear,5/2/24
1714714200,48,Neutral,5/3/24
1714800600,67,Greed,5/4/24
1714887000,69,Greed,5/5/24
1714973400,71,Greed,5/6/24
1715059800,68,Greed,5/7/24
1715146200,64,Greed,5/8/24
1715232600,55,Greed,5/9/24
1715319000,66,Greed,5/10/24
1715405400,53,Neutral,5/11/24
1715491800,56,Greed,5/12/24
1715578200,57,Greed,5/13/24
1715664600,66,Greed,5/14/24
1715751000,64,Greed,5/15/24
1715837400,70,Greed,5/16/24
1715923800,74,Greed,5/17/24
1716010200,73,Greed,5/18/24
1716096600,72,Greed,5/19/24
1716183000,70,Greed,5/20/24
1716269400,76,Extreme Greed,5/21/24
1716355800,76,Extreme Greed,5/22/24
1716442200,76,Extreme Greed,5/23/24
1716528600,74,Greed,5/24/24
1716615000,76,Extreme Greed,5/25/24
1716701400,75,Extreme Greed,5/26/24
1716787800,74,Greed,5/27/24
1716874200,72,Greed,5/28/24
1716960600,72,Greed,5/29/24
1717047000,73,Greed,5/30/24
1717133400,73,Greed,5/31/24
1717219800,72,Greed,6/1/24
1717306200,73,Greed,6/2/24
1717392600,73,Greed,6/3/24
1717479000,73,Greed,6/4/24
1717565400,75,Extreme Greed,6/5/24
1717651800,78,Extreme Greed,6/6/24
1717738200,77,Extreme Greed,6/7/24
1717824600,72,Greed,6/8/24
1717911000,75,Extreme Greed,6/9/24
1717997400,72,Greed,6/10/24
1718083800,74,Greed,6/11/24
1718170200,72,Greed,6/12/24
1718256600,70,Greed,6/13/24
1718343000,74,Greed,6/14/24
1718429400,74,Greed,6/15/24
1718515800,71,Greed,6/16/24
1718602200,71,Greed,6/17/24
1718688600,74,Greed,6/18/24
1718775000,64,Greed,6/19/24
1718861400,60,Greed,6/20/24
1718947800,63,Greed,6/21/24
1719034200,53,Neutral,6/22/24
1719120600,55,Greed,6/23/24
1719207000,51,Neutral,6/24/24
1719293400,30,Fear,6/25/24
1719379800,46,Neutral,6/26/24
1719466200,40,Fear,6/27/24
1719552600,47,Neutral,6/28/24
1719639000,30,Fear,6/29/24
1719725400,47,Neutral,6/30/24
1719811800,53,Neutral,7/1/24
1719898200,51,Neutral,7/2/24
1719984600,50,Neutral,7/3/24
1720071000,44,Fear,7/4/24
1720157400,29,Fear,7/5/24
1720243800,26,Fear,7/6/24
1720330200,29,Fear,7/7/24
1720416600,28,Fear,7/8/24
1720503000,27,Fear,7/9/24
1720589400,28,Fear,7/10/24
1720675800,29,Fear,7/11/24
1720762200,25,Fear,7/12/24
1720848600,25,Fear,7/13/24
1720935000,33,Fear,7/14/24
1721021400,52,Neutral,7/15/24
1721107800,65,Greed,7/16/24
1721194200,69,Greed,7/17/24
1721280600,61,Greed,7/18/24
1721367000,60,Greed,7/19/24
1721453400,74,Greed,7/20/24
1721539800,74,Greed,7/21/24
1721626200,70,Greed,7/22/24
1721712600,71,Greed,7/23/24
1721799000,69,Greed,7/24/24
1721885400,68,Greed,7/25/24
1721971800,68,Greed,7/26/24
1722058200,72,Greed,7/27/24
1722144600,71,Greed,7/28/24
1722231000,74,Greed,7/29/24
1722317400,67,Greed,7/30/24
1722403800,61,Greed,7/31/24
1722490200,52,Neutral,8/1/24
1722576600,57,Greed,8/2/24
1722663000,37,Fear,8/3/24
1722749400,34,Fear,8/4/24
1722835800,26,Fear,8/5/24
1722922200,17,Extreme Fear,8/6/24
1723008600,29,Fear,8/7/24
1723095000,20,Extreme Fear,8/8/24
1723181400,48,Neutral,8/9/24
1723267800,40,Fear,8/10/24
1723354200,39,Fear,8/11/24
1723440600,25,Fear,8/12/24
1723527000,31,Fear,8/13/24
1723613400,30,Fear,8/14/24
1723699800,29,Fear,8/15/24
1723786200,27,Fear,8/16/24
1723872600,25,Fear,8/17/24
1723959000,31,Fear,8/18/24
1724045400,28,Fear,8/19/24
1724131800,30,Fear,8/20/24
1724218200,26,Fear,8/21/24
1724304600,39,Fear,8/22/24
1724391000,34,Fear,8/23/24
1724477400,56,Greed,8/24/24
1724563800,54,Neutral,8/25/24
1724650200,55,Greed,8/26/24
1724736600,48,Neutral,8/27/24
1724823000,30,Fear,8/28/24
1724909400,29,Fear,8/29/24
1724995800,34,Fear,8/30/24
1725082200,29,Fear,8/31/24
1725168600,26,Fear,9/1/24
1725255000,26,Fear,9/2/24
1725341400,26,Fear,9/3/24
1725427800,27,Fear,9/4/24
1725514200,29,Fear,9/5/24
1725600600,22,Extreme Fear,9/6/24
1725687000,23,Extreme Fear,9/7/24
1725773400,29,Fear,9/8/24
1725859800,26,Fear,9/9/24
1725946200,33,Fear,9/10/24
1726032600,37,Fear,9/11/24
1726119000,31,Fear,9/12/24
1726205400,32,Fear,9/13/24
1726291800,50,Neutral,9/14/24
1726378200,51,Neutral,9/15/24
1726464600,39,Fear,9/16/24
1726551000,33,Fear,9/17/24
1726637400,45,Neutral,9/18/24
1726723800,49,Neutral,9/19/24
1726810200,54,Neutral,9/20/24
1726896600,54,Neutral,9/21/24
1726983000,52,Neutral,9/22/24
1727069400,50,Neutral,9/23/24
1727155800,54,Neutral,9/24/24
1727242200,59,Greed,9/25/24
1727328600,50,Neutral,9/26/24
1727415000,61,Greed,9/27/24
1727501400,64,Greed,9/28/24
1727587800,63,Greed,9/29/24
1727674200,61,Greed,9/30/24
1727760600,50,Neutral,10/1/24
1727847000,42,Fear,10/2/24
1727933400,37,Fear,10/3/24
1728019800,41,Fear,10/4/24
1728106200,49,Neutral,10/5/24
1728192600,50,Neutral,10/6/24
1728279000,50,Neutral,10/7/24
1728365400,49,Neutral,10/8/24
1728451800,49,Neutral,10/9/24
1728538200,39,Fear,10/10/24
1728624600,32,Fear,10/11/24
1728711000,49,Neutral,10/12/24
1728797400,50,Neutral,10/13/24
1728883800,48,Neutral,10/14/24
1728970200,65,Greed,10/15/24
1729056600,73,Greed,10/16/24
1729143000,71,Greed,10/17/24
1729229400,73,Greed,10/18/24
1729315800,72,Greed,10/19/24
1729402200,73,Greed,10/20/24
1729488600,72,Greed,10/21/24
1729575000,70,Greed,10/22/24
1729661400,71,Greed,10/23/24
1729747800,69,Greed,10/24/24
1729834200,72,Greed,10/25/24
1730007000,74,Greed,10/27/24
1730093400,72,Greed,10/28/24
1730179800,72,Greed,10/29/24
1730266200,77,Extreme Greed,10/30/24
1730352600,77,Extreme Greed,10/31/24
1730439000,75,Extreme Greed,11/1/24
1730525400,72,Greed,11/2/24
1730611800,74,Greed,11/3/24
1730698200,70,Greed,11/4/24
1730784600,70,Greed,11/5/24
1730871000,70,Greed,11/6/24
1730957400,77,Extreme Greed,11/7/24
1731043800,75,Extreme Greed,11/8/24
1731130200,75,Extreme Greed,11/9/24
1731216600,78,Extreme Greed,11/10/24
1731303000,76,Extreme Greed,11/11/24
1731389400,80,Extreme Greed,11/12/24
1731475800,84,Extreme Greed,11/13/24
1731562200,88,Extreme Greed,11/14/24
1731648600,80,Extreme Greed,11/15/24
1731735000,86,Extreme Greed,11/16/24
1731821400,90,Extreme Greed,11/17/24
1731907800,83,Extreme Greed,11/18/24
1731994200,90,Extreme Greed,11/19/24
1732080600,83,Extreme Greed,11/20/24
1732167000,82,Extreme Greed,11/21/24
1732253400,94,Extreme Greed,11/22/24
1732339800,93,Extreme Greed,11/23/24
1732426200,80,Extreme Greed,11/24/24
1732512600,82,Extreme Greed,11/25/24
1732599000,79,Extreme Greed,11/26/24
1732685400,75,Extreme Greed,11/27/24
1732771800,77,Extreme Greed,11/28/24
1732858200,78,Extreme Greed,11/29/24
1732944600,84,Extreme Greed,11/30/24
1733031000,81,Extreme Greed,12/1/24
1733117400,80,Extreme Greed,12/2/24
1733203800,76,Extreme Greed,12/3/24
1733290200,78,Extreme Greed,12/4/24
1733376600,84,Extreme Greed,12/5/24
1733463000,72,Greed,12/6/24
1733549400,75,Extreme Greed,12/7/24
1733635800,79,Extreme Greed,12/8/24
1733722200,78,Extreme Greed,12/9/24
1733808600,78,Extreme Greed,12/10/24
1733895000,74,Greed,12/11/24
1733981400,83,Extreme Greed,12/12/24
1734067800,76,Extreme Greed,12/13/24
1734154200,83,Extreme Greed,12/14/24
1734240600,80,Extreme Greed,12/15/24
1734327000,83,Extreme Greed,12/16/24
1734413400,87,Extreme Greed,12/17/24
1734499800,81,Extreme Greed,12/18/24
1734586200,75,Extreme Greed,12/19/24
1734672600,74,Greed,12/20/24
1734759000,73,Greed,12/21/24
1734845400,73,Greed,12/22/24
1734931800,70,Greed,12/23/24
1735018200,73,Greed,12/24/24
1735104600,73,Greed,12/25/24
1735191000,79,Extreme Greed,12/26/24
1735277400,74,Greed,12/27/24
1735363800,72,Greed,12/28/24
1735450200,73,Greed,12/29/24
1735536600,65,Greed,12/30/24
1735623000,64,Greed,12/31/24
1735709400,66,Greed,1/1/25
1735795800,70,Greed,1/2/25
1735882200,74,Greed,1/3/25
1735968600,73,Greed,1/4/25
1736055000,72,Greed,1/5/25
1736141400,76,Extreme Greed,1/6/25
1736227800,78,Extreme Greed,1/7/25
1736314200,70,Greed,1/8/25
1736400600,69,Greed,1/9/25
1736487000,50,Neutral,1/10/25
1736573400,69,Greed,1/11/25
1736659800,62,Greed,1/12/25
1736746200,61,Greed,1/13/25
1736832600,63,Greed,1/14/25
1736919000,70,Greed,1/15/25
1737005400,75,Extreme Greed,1/16/25
1737091800,75,Extreme Greed,1/17/25
1737178200,77,Extreme Greed,1/18/25
1737264600,77,Extreme Greed,1/19/25
1737351000,76,Extreme Greed,1/20/25
1737437400,76,Extreme Greed,1/21/25
1737523800,84,Extreme Greed,1/22/25
1737610200,75,Extreme Greed,1/23/25
1737696600,75,Extreme Greed,1/24/25
1737783000,75,Extreme Greed,1/25/25
1737869400,73,Greed,1/26/25
1737955800,71,Greed,1/27/25
1738042200,72,Greed,1/28/25
1738128600,72,Greed,1/29/25
1738215000,70,Greed,1/30/25
1738301400,76,Extreme Greed,1/31/25
1738387800,68,Greed,2/1/25
1738474200,60,Greed,2/2/25
1738560600,44,Fear,2/3/25
1738647000,72,Greed,2/4/25
1738733400,54,Neutral,2/5/25
1738819800,49,Neutral,2/6/25
1738906200,44,Fear,2/7/25
1738992600,44,Fear,2/8/25
1739079000,46,Neutral,2/9/25
1739165400,43,Fear,2/10/25
1739251800,47,Neutral,2/11/25
1739338200,46,Neutral,2/12/25
1739424600,50,Neutral,2/13/25
1739511000,48,Neutral,2/14/25
1739597400,50,Neutral,2/15/25
1739683800,54,Neutral,2/16/25
1739770200,51,Neutral,2/17/25
1739856600,47,Neutral,2/18/25
1739943000,44,Fear,2/19/25
1740029400,49,Neutral,2/20/25
1740115800,55,Greed,2/21/25
1740202200,49,Neutral,2/22/25
1740288600,50,Neutral,2/23/25
1740375000,49,Neutral,2/24/25
1740461400,25,Fear,2/25/25
1740547800,21,Extreme Fear,2/26/25
1740634200,10,Extreme Fear,2/27/25
1740720600,16,Extreme Fear,2/28/25
1740807000,20,Extreme Fear,3/1/25
1740893400,26,Fear,3/2/25
1740979800,33,Fear,3/3/25
1741066200,15,Extreme Fear,3/4/25
1741152600,20,Extreme Fear,3/5/25
1741239000,25,Fear,3/6/25
1741325400,34,Fear,3/7/25
1741411800,28,Fear,3/8/25
1741498200,27,Fear,3/9/25
1741584600,20,Extreme Fear,3/10/25
1741671000,24,Extreme Fear,3/11/25
1741757400,34,Fear,3/12/25
1741843800,45,Neutral,3/13/25
1741930200,27,Fear,3/14/25
1742016600,46,Neutral,3/15/25
1742103000,30,Fear,3/16/25
1742189400,32,Fear,3/17/25
1742275800,34,Fear,3/18/25
1742362200,32,Fear,3/19/25
1742448600,49,Neutral,3/20/25
1742535000,31,Fear,3/21/25
1742621400,32,Fear,3/22/25
1742707800,30,Fear,3/23/25
1742794200,45,Neutral,3/24/25
1742880600,46,Neutral,3/25/25
1742967000,47,Neutral,3/26/25
1743053400,40,Fear,3/27/25
1743139800,44,Fear,3/28/25
1743226200,26,Fear,3/29/25
1743312600,32,Fear,3/30/25
1743399000,34,Fear,3/31/25
1743485400,34,Fear,4/1/25
1743571800,44,Fear,4/2/25
1743658200,25,Fear,4/3/25
1743744600,28,Fear,4/4/25
1743831000,30,Fear,4/5/25
1743917400,34,Fear,4/6/25
1744003800,23,Extreme Fear,4/7/25
1744090200,24,Extreme Fear,4/8/25
1744176600,18,Extreme Fear,4/9/25
1744263000,39,Fear,4/10/25
1744349400,25,Fear,4/11/25
1744435800,43,Fear,4/12/25
1744522200,45,Neutral,4/13/25
1744608600,31,Fear,4/14/25
1744695000,38,Fear,4/15/25
1744781400,29,Fear,4/16/25
1744867800,30,Fear,4/17/25
1744954200,33,Fear,4/18/25
1745040600,32,Fear,4/19/25
1745127000,37,Fear,4/20/25
1745213400,39,Fear,4/21/25
1745299800,47,Neutral,4/22/25
1745386200,72,Greed,4/23/25
1745472600,63,Greed,4/24/25
1745559000,60,Greed,4/25/25
1745645400,65,Greed,4/26/25
1745731800,61,Greed,4/27/25
1745818200,54,Neutral,4/28/25
1745904600,60,Greed,4/29/25
1745991000,56,Greed,4/30/25
1746077400,53,Neutral,5/1/25
1746163800,67,Greed,5/2/25